App,Category,Rating,Reviews,Size,Installs,Type,Price,Content Rating,Genres,vader
Coloring book moana,ART_AND_DESIGN,3.90,967,967000000,500000,Free,0,Everyone,Art & Design;Pretend Play,0.152651515
Garden Coloring Book,ART_AND_DESIGN,4.40,13791,13791000000,1000000,Free,0,Everyone,Art & Design,0.268482894
FlipaClip - Cartoon animation,ART_AND_DESIGN,4.30,194216,194216000000,5000000,Free,0,Everyone,Art & Design,0.41264881
Boys Photo Editor - Six Pack & Men's Suit,ART_AND_DESIGN,4.10,654,654000000,100000,Free,0,Everyone,Art & Design,0.283508772
Colorfit - Drawing & Coloring,ART_AND_DESIGN,4.70,20260,20260000000,500000,Free,0,Everyone,Art & Design;Creativity,0.171835953
Animated Photo Editor,ART_AND_DESIGN,4.10,203,203000000,100000,Free,0,Everyone,Art & Design,0.291857143
Anime Manga Coloring Book,ART_AND_DESIGN,4.50,5035,5035000000,100000,Free,0,Everyone,Art & Design,0.360990767
Easy Origami Ideas,ART_AND_DESIGN,4.20,1015,1015000000,100000,Free,0,Everyone,Art & Design,0.099452614
Floor Plan Creator,ART_AND_DESIGN,4.10,36639,25458349,5000000,Free,0,Everyone,Art & Design,0.264615476
"Canva: Poster, banner, card maker & graphic design",ART_AND_DESIGN,4.70,174531,174531000000,10000000,Free,0,Everyone,Art & Design,0.204839569
CDL Practice Test 2018 Edition,AUTO_AND_VEHICLES,4.90,7774,7774000000,100000,Free,0,Everyone,Auto & Vehicles,0.241125992
Free VIN Report for Used Cars,AUTO_AND_VEHICLES,4.60,2431,2431000000,100000,Free,0,Everyone,Auto & Vehicles,0.308574747
DMV Permit Practice Test 2018 Edition,AUTO_AND_VEHICLES,4.90,6090,6090000000,100000,Free,0,Everyone,Auto & Vehicles,0.295660321
"Android Auto - Maps, Media, Messaging & Voice",AUTO_AND_VEHICLES,4.20,271920,271920000000,10000000,Free,0,Teen,Auto & Vehicles,0.287792304
Best Car Wallpapers,AUTO_AND_VEHICLES,4.50,994,994000000,100000,Free,0,Everyone,Auto & Vehicles,-0.133333333
BEST CAR SOUNDS,AUTO_AND_VEHICLES,4.30,348,348000000,100000,Free,0,Everyone,Auto & Vehicles,0.307698608
AutoScout24 Switzerland â€“ Find your new car,AUTO_AND_VEHICLES,4.60,13372,25458349,1000000,Free,0,Everyone,Auto & Vehicles,0.416951416
Fuelio: Gas log & costs,AUTO_AND_VEHICLES,4.60,65786,25458349,1000000,Free,0,Everyone,Auto & Vehicles,0.440864868
"BestCam Selfie-selfie, beauty camera, photo editor",BEAUTY,3.90,1739,1739000000,500000,Free,0,Everyone,Beauty,-0.03798581
Hairstyles step by step,BEAUTY,4.60,4369,4369000000,100000,Free,0,Everyone,Beauty,0.470913066
Filters for Selfie,BEAUTY,4.30,8572,8572000000,1000000,Free,0,Everyone,Beauty,0.09912037
Beauty Camera - Selfie Camera,BEAUTY,4.00,113715,25458349,10000000,Free,0,Everyone,Beauty,0.199993662
Filters for B Live,BEAUTY,4.40,2280,2280000000,500000,Free,0,Everyone,Beauty,0.168017677
Dresses Ideas & Fashions +3000,BEAUTY,4.50,473,473000000,100000,Free,0,Mature 17,Beauty,0.430603448
Amazon Kindle,BOOKS_AND_REFERENCE,4.20,814080,25458349,100000000,Free,0,Teen,Books & Reference,0.065191867
Cool Reader,BOOKS_AND_REFERENCE,4.50,246315,25458349,10000000,Free,0,Everyone,Books & Reference,0.115840792
Dictionary - Merriam-Webster,BOOKS_AND_REFERENCE,4.50,454060,25458349,10000000,Free,0,Everyone,Books & Reference,0.238731061
Free Panda Radio Music,BOOKS_AND_REFERENCE,4.50,418,418000000,100000,Free,0,Everyone,Books & Reference,0.25
FBReader: Favorite Book Reader,BOOKS_AND_REFERENCE,4.50,203130,25458349,10000000,Free,0,Everyone,Books & Reference,0.277704811
AlReader -any text book reader,BOOKS_AND_REFERENCE,4.60,90468,90468000000,5000000,Free,0,Everyone,Books & Reference,0.245551185
FamilySearch Tree,BOOKS_AND_REFERENCE,4.30,17506,17506000000,1000000,Free,0,Everyone,Books & Reference,0.20932583
Ebook Reader,BOOKS_AND_REFERENCE,4.10,85842,85842000000,5000000,Free,0,Everyone,Books & Reference,0.342532488
All Maths Formulas,BOOKS_AND_REFERENCE,4.40,2709,2709000000,1000000,Free,0,Everyone,Books & Reference,0.354636544
Ancestry,BOOKS_AND_REFERENCE,4.30,64513,25458349,5000000,Free,0,Everyone,Books & Reference,0.272630304
HTC Help,BOOKS_AND_REFERENCE,4.20,8342,25458349,10000000,Free,0,Everyone,Books & Reference,0.106870213
English-Myanmar Dictionary,BOOKS_AND_REFERENCE,4.40,8788,8788000000,1000000,Free,0,Everyone,Books & Reference,0.393513424
Golden Dictionary (EN-AR),BOOKS_AND_REFERENCE,4.40,51269,51269000000,1000000,Free,0,Everyone,Books & Reference,0.34045045
All Language Translator Free,BOOKS_AND_REFERENCE,4.40,30105,30105000000,1000000,Free,0,Everyone,Books & Reference,0.39278355
Azpen eReader,BOOKS_AND_REFERENCE,3.50,156,156000000,500000,Free,0,Everyone,Books & Reference,0.242624224
Docs To Goâ„¢ Free Office Suite,BUSINESS,4.10,217730,25458349,50000000,Free,0,Everyone,Business,0.206290785
Google My Business,BUSINESS,4.40,70991,25458349,5000000,Free,0,Everyone,Business,0.268436286
Curriculum vitae App CV Builder Free Resume Maker,BUSINESS,4.50,4458,4458000000,500000,Free,0,Everyone,Business,0.393703482
Google Primer,BUSINESS,4.40,62272,62272000000,10000000,Free,0,Everyone,Business,0.75
Facebook Pages Manager,BUSINESS,4.00,1279184,25458349,50000000,Free,0,Everyone,Business,-0.061082729
Box,BUSINESS,4.20,159872,25458349,10000000,Free,0,Everyone,Business,0.410000509
Call Blocker,BUSINESS,4.60,188841,188841000000,5000000,Free,0,Everyone,Business,0.027972583
Easy Installer - Apps On SD,BUSINESS,4.10,23055,25458349,5000000,Free,0,Everyone,Business,-0.009110334
Facebook Ads Manager,BUSINESS,4.10,19023,25458349,1000000,Free,0,Everyone,Business,0.203400536
Genius Scan - PDF Scanner,BUSINESS,4.40,42492,25458349,1000000,Free,0,Everyone,Business,0.243160676
Fast Scanner : Free PDF Scan,BUSINESS,4.50,103755,103755000000,10000000,Free,0,Everyone,Business,0.313063161
Google Ads,BUSINESS,4.30,29313,29313000000,5000000,Free,0,Everyone,Business,0.139965337
FreshBooks Classic,BUSINESS,4.10,1802,1802000000,100000,Free,0,Everyone,Business,0.100529893
HipChat - Chat Built for Teams,BUSINESS,3.80,5868,5868000000,500000,Free,0,Everyone,Business,-0.037827877
Crew - Free Messaging and Scheduling,BUSINESS,4.60,4159,4159000000,500000,Free,0,Everyone,Business,0.417331952
Asana: organize team projects,BUSINESS,4.30,20815,20815000000,1000000,Free,0,Everyone,Business,0.230645463
AdWords Express,BUSINESS,4.10,7149,7149000000,1000000,Free,0,Everyone,Business,0.194843939
Accounting App - Zoho Books,BUSINESS,4.50,3079,3079000000,100000,Free,0,Everyone,Business,0.448664487
Cisco Webex Meetings,BUSINESS,4.40,108741,108741000000,10000000,Free,0,Everyone,Business,0.103577025
Cisco Webex Teams,BUSINESS,4.20,1661,1661000000,100000,Free,0,Everyone,Business,0.129418125
DC Comics,COMICS,4.20,25671,25458349,1000000,Free,0,Teen,Comics,0.478809474
"Best Wallpapers Backgrounds(100,000+ 4K HD)",COMICS,4.70,3596,3596000000,10000,Free,0,Teen,Comics,0.300429293
Gmail,COMMUNICATION,4.30,4604324,25458349,1000000000,Free,0,Everyone,Communication,0.071383102
Hangouts,COMMUNICATION,4.00,3419249,25458349,1000000000,Free,0,Everyone,Communication,0.251503329
Firefox Browser fast & private,COMMUNICATION,4.40,3075028,25458349,100000000,Free,0,Everyone,Communication,0.110142019
Contacts,COMMUNICATION,4.30,66602,25458349,50000000,Free,0,Everyone,Communication,0.01224871
Browser 4G,COMMUNICATION,4.30,192948,192948000000,10000000,Free,0,Everyone,Communication,0.337083612
Cricket Visual Voicemail,COMMUNICATION,3.90,13698,13698000000,10000000,Free,0,Everyone,Communication,0.062002592
Firefox Focus: The privacy browser,COMMUNICATION,4.40,36880,36880000000,1000000,Free,0,Everyone,Communication,0.209248589
Google Voice,COMMUNICATION,4.20,171031,25458349,10000000,Free,0,Everyone,Communication,0.152479285
Chrome Dev,COMMUNICATION,4.40,63543,25458349,5000000,Free,0,Everyone,Communication,0.333793361
Android Messages,COMMUNICATION,4.20,781810,25458349,100000000,Free,0,Everyone,Communication,0.071675938
Google Duo - High Quality Video Calls,COMMUNICATION,4.60,2083237,25458349,500000000,Free,0,Everyone,Communication,0.285689815
AT&T Visual Voicemail,COMMUNICATION,3.70,13761,25458349,10000000,Free,0,Everyone,Communication,0.029975541
GMX Mail,COMMUNICATION,4.30,258556,25458349,10000000,Free,0,Everyone,Communication,0.340047078
Calls & Text by Mo+,COMMUNICATION,4.20,83239,83239000000,5000000,Free,0,Everyone,Communication,0.466666667
"GO SMS Pro - Messenger, Free Themes, Emoji",COMMUNICATION,4.40,2876500,2876500000000,100000000,Free,0,Everyone,Communication,0.202488276
GroupMe,COMMUNICATION,4.50,330761,25458349,10000000,Free,0,Everyone,Communication,0.118440041
BBM - Free Calls & Messages,COMMUNICATION,4.30,12842860,25458349,100000000,Free,0,Everyone,Communication,0.154423252
2ndLine - Second Phone Number,COMMUNICATION,4.20,15880,15880000000,1000000,Free,0,Everyone,Communication,0.168968209
"CM Browser - Ad Blocker , Fast Download , Privacy",COMMUNICATION,4.60,2264916,2264916000000,50000000,Free,0,Everyone,Communication,0.0125
DU Browserâ€”Browse fast & fun,COMMUNICATION,4.30,1133501,1133501000000,10000000,Free,0,Everyone,Communication,0.177266098
Contacts+,COMMUNICATION,4.20,190613,190613000000,10000000,Free,0,Everyone,Communication,0.410814583
ExDialer - Dialer & Contacts,COMMUNICATION,4.20,125232,125232000000,10000000,Free,0,Everyone,Communication,0.271352799
Full Screen Caller ID,COMMUNICATION,4.20,104990,104990000000,5000000,Free,0,Everyone,Communication,0.345576124
"CallApp: Caller ID, Blocker & Phone Call Recorder",COMMUNICATION,4.40,483565,483565000000,10000000,Free,0,Everyone,Communication,0.390740741
CIA - Caller ID & Call Blocker,COMMUNICATION,4.00,60308,25458349,5000000,Free,0,Everyone,Communication,0.217814626
Calls Blacklist - Call Blocker,COMMUNICATION,4.50,457283,25458349,10000000,Free,0,Everyone,Communication,0.124162338
Call Control - Call Blocker,COMMUNICATION,4.40,93825,93825000000,5000000,Free,0,Everyone,Communication,-0.041666667
Burner - Free Phone Number,COMMUNICATION,4.30,14873,25458349,1000000,Free,0,Everyone,Communication,0.065300926
Caller ID +,COMMUNICATION,4.00,9498,118000,1000000,Free,0,Everyone,Communication,0.35
All Email Providers,COMMUNICATION,4.10,20901,20901000000,1000000,Free,0,Everyone,Communication,0.215
GO Notifier,COMMUNICATION,4.20,124346,695000,10000000,Free,0,Everyone,Communication,0.067519589
"Hily: Dating, Chat, Match, Meet & Hook up",DATING,4.10,2556,2556000000,100000,Free,0,Mature 17,Dating,0.033778595
Hinge: Dating & Relationships,DATING,4.20,7779,7779000000,500000,Free,0,Mature 17,Dating,0.156798802
BBW Dating & Plus Size Chat,DATING,4.40,12632,12632000000,1000000,Free,0,Mature 17,Dating,0.131246685
CMB Free Dating App,DATING,4.00,48845,48845000000,1000000,Free,0,Mature 17,Dating,0.29175712
Free Dating App & Flirt Chat - Match with Singles,DATING,4.40,172460,172460000000,5000000,Free,0,Mature 17,Dating,0.33969697
Black People Meet Singles Date,DATING,3.90,10212,10212000000,1000000,Free,0,Mature 17,Dating,0.249341259
Free Dating App & Flirt Chat - Cheers,DATING,4.40,667,667000000,10000,Free,0,Mature 17,Dating,0.301926294
Free Dating Hook Up Messenger,DATING,3.30,1157,1157000000,100000,Free,0,Mature 17,Dating,0.147288453
BLK - Swipe. Match. Chat.,DATING,4.10,2067,2067000000,100000,Free,0,Mature 17,Dating,0.307677635
Cougar Dating Life : Date Older Women Sugar Mummy,DATING,3.90,1643,1643000000,500000,Free,0,Mature 17,Dating,0.324570282
Free Dating & Flirt Chat - Choice of Love,DATING,4.00,42194,25458349,5000000,Free,0,Mature 17,Dating,0.032965368
BeWild Free Dating & Chat App,DATING,3.40,1999,1999000000,100000,Free,0,Mature 17,Dating,0.170372213
"FastMeet: Chat, Dating, Love",DATING,4.20,22544,22544000000,1000000,Free,0,Mature 17,Dating,0.344173401
"Free Dating App - YoCutie - Flirt, Chat & Meet",DATING,4.10,97684,97684000000,1000000,Free,0,Mature 17,Dating,0.117836201
Dating for 50 plus Mature Singles â€“ FINALLY,DATING,4.60,13046,13046000000,500000,Free,0,Mature 17,Dating,0.332539683
Christian Dating For Free App,DATING,3.90,8722,8722000000,500000,Free,0,Mature 17,Dating,0.098026033
"Hide App, Private Dating, Safe Chat - PrivacyHider",DATING,4.40,35206,35206000000,1000000,Free,0,Everyone,Dating,-0.069639794
Free Dating App - Meet Local Singles - Flirt Chat,DATING,4.10,825,25458349,100000,Free,0,Mature 17,Dating,-0.050325833
"Chat Rooms, Avatars, Date - Galaxy",DATING,4.30,135418,25458349,10000000,Free,0,Mature 17,Dating,0.138052486
Gay Sugar Daddy Dating & Hookup â€“ Sudy Gay,DATING,4.10,2212,2212000000,100000,Free,0,Mature 17,Dating,0.200868352
BBWCupid - BBW Dating App,DATING,3.50,241,241000000,50000,Free,0,Mature 17,Dating,0.126911733
ChatVideo Meet new people,DATING,4.20,63986,63986000000,5000000,Free,0,Mature 17,Dating,0.231919826
FlirtChat - â™¥Free Dating/Flirting Appâ™¥,DATING,4.30,2430,2430000000,500000,Free,0,Mature 17,Dating,0.420992579
"Herpes Dating: 1,000K+ Singles",DATING,4.00,738,738000000,10000,Free,0,Mature 17,Dating,0.174108304
95Live -SG#1 Live Streaming App,DATING,4.10,4953,4953000000,1000000,Free,0,Teen,Dating,0.069002331
2RedBeans,DATING,4.00,337,337000000,10000,Free,0,Mature 17,Dating,0.412199179
"BiggerCity: Chat for gay bears, chubs & chasers",DATING,4.10,923,923000000,100000,Free,0,Mature 17,Dating,0.211675464
Herpes Positive Singles Dating,DATING,4.40,198,198000000,10000,Free,0,Mature 17,Dating,0.30665024
BBW Dating & Curvy Singles Chat- LargeFriends,DATING,4.40,218,218000000,10000,Free,0,Mature 17,Dating,0.18276633
Hitwe - meet people and chat,DATING,4.20,243950,243950000000,10000000,Free,0,Mature 17,Dating,-0.139456019
FERZU - Furries Social Network,DATING,3.90,1576,25458349,10000,Free,0,Mature 17,Dating,0.081865322
"2Date Dating App, Love and matching",DATING,4.40,41605,41605000000,500000,Free,0,Mature 17,Dating,0.28026717
Free Live Talk-Video Call,DATING,4.70,158,158000000,10000,Free,0,Mature 17,Dating,-0.1
Duolingo: Learn Languages Free,EDUCATION,4.70,6289924,25458349,100000000,Free,0,Everyone,Education;Education,0.200407738
Babbel â€“ Learn Languages,EDUCATION,4.30,266948,266948000000,10000000,Free,0,Everyone,Education,0.391636153
Flippy Campus - Buy & sell on campus at a discount,EDUCATION,4.00,889,889000000,500000,Free,0,Everyone,Education,0.395283932
ABC Preschool Free,EDUCATION,3.80,27572,27572000000,5000000,Free,0,Everyone,Education;Education,0.22080488
English with Lingualeo,EDUCATION,4.70,254519,254519000000,5000000,Free,0,Everyone,Education,0.135168651
Brilliant,EDUCATION,4.50,41185,25458349,1000000,Free,0,Everyone,Education,0.241654833
C++ Tutorials,EDUCATION,4.10,358,358000000,50000,Free,0,Everyone,Education,0.530925926
C++ Programming,EDUCATION,4.30,11904,11904000000,1000000,Free,0,Everyone,Education,0.196451049
C Programming,EDUCATION,4.30,22251,22251000000,1000000,Free,0,Everyone,Education,0.276800067
GMAT Question Bank,EDUCATION,4.20,240,240000000,10000,Free,0,Everyone,Education,0.268899924
GRE Tutor,EDUCATION,4.00,275,275000000,50000,Free,0,Everyone,Education,0.408694639
GRE Flashcards,EDUCATION,4.50,13791,25458349,500000,Free,0,Everyone,Education,0.262055287
GMAT Math Flashcards,EDUCATION,4.40,1769,25458349,100000,Free,0,Everyone,Education,0.412735997
GRE Prep & Practice by Magoosh,EDUCATION,4.40,3963,25458349,100000,Free,0,Everyone,Education,0.388015713
Babbel â€“ Learn Spanish,EDUCATION,4.40,54798,54798000000,1000000,Free,0,Everyone,Education,0.309364073
HomeWork,EDUCATION,4.30,16195,16195000000,1000000,Free,0,Everyone,Education,1
Common Core,EDUCATION,4.00,835,835000000,100000,Free,0,Everyone,Education,-0.00881078
Homework Planner,EDUCATION,4.00,2525,2525000000,100000,Free,0,Everyone,Education,0.277523613
Edmodo,EDUCATION,4.10,200058,200058000000,10000000,Free,0,Everyone,Education,0.404155535
"HelloTalk â€” Chat, Speak & Learn Foreign Languages",EDUCATION,4.40,84309,84309000000,5000000,Free,0,Everyone,Education,0.202326389
Canvas Student,EDUCATION,4.50,42828,25458349,1000000,Free,0,Everyone,Education,0.125
EasyBib: Citation Generator,EDUCATION,3.50,1405,1405000000,100000,Free,0,Everyone,Education,0.071831662
Hotstar,ENTERTAINMENT,4.30,4885646,25458349,100000000,Free,0,Teen,Entertainment,0.038177826
H TV,ENTERTAINMENT,4.30,103078,103078000000,5000000,Free,0,Everyone,Entertainment,0.302115385
DStv Now,ENTERTAINMENT,3.90,34923,25458349,5000000,Free,0,Teen,Entertainment,0.023143659
BBC Media Player,ENTERTAINMENT,3.40,87384,25458349,10000000,Free,0,Everyone,Entertainment,-0.028519834
Amazon Prime Video,ENTERTAINMENT,4.20,411683,411683000000,50000000,Free,0,Teen,Entertainment,0.461111111
Cinemark Theatres,ENTERTAINMENT,4.10,21867,21867000000,1000000,Free,0,Teen,Entertainment,0.070155407
Fandango Movies - Times + Tickets,ENTERTAINMENT,4.60,243747,25458349,10000000,Free,0,Teen,Entertainment,0.142601889
Harkins Theatres,ENTERTAINMENT,4.30,1511,1511000000,100000,Free,0,Everyone,Entertainment,0.088644428
AMC Theatres,ENTERTAINMENT,4.30,44550,44550000000,1000000,Free,0,Everyone,Entertainment,0.135694444
Food Network,ENTERTAINMENT,4.10,7813,25458349,500000,Free,0,Teen,Entertainment,0.028354858
Cooking Channel,ENTERTAINMENT,4.10,1033,1033000000,100000,Free,0,Teen,Entertainment,0.364018944
Animal Planet GO,ENTERTAINMENT,4.20,2442,2442000000,100000,Free,0,Teen,Entertainment,0.273571429
Crunchyroll - Everything Anime,ENTERTAINMENT,3.70,310066,25458349,10000000,Free,0,Teen,Entertainment,0.177510033
Acorn TV: World-class TV from Britain and Beyond,ENTERTAINMENT,3.00,493,493000000,50000,Free,0,Everyone,Entertainment,0.086058391
HISTORY: Watch TV Show Full Episodes & Specials,ENTERTAINMENT,4.10,33387,33387000000,1000000,Free,0,Teen,Entertainment,0.211278773
FOX NOW - On Demand & Live TV,ENTERTAINMENT,3.90,60841,25458349,5000000,Free,0,Teen,Entertainment,0.048090236
A&E - Watch Full Episodes of TV Shows,ENTERTAINMENT,4.00,29706,29706000000,1000000,Free,0,Teen,Entertainment,0.353882576
BET NOW - Watch Shows,ENTERTAINMENT,4.20,14807,14807000000,1000000,Free,0,Teen,Entertainment,0.051088076
Comedy Central,ENTERTAINMENT,3.90,22378,22378000000,1000000,Free,0,Teen,Entertainment,0.171423766
CW Seed,ENTERTAINMENT,4.50,16372,16372000000,500000,Free,0,Teen,Entertainment,0.305569334
HBO GO: Stream with TV Package,ENTERTAINMENT,3.80,87723,87723000000,10000000,Free,0,Teen,Entertainment,-0.055652712
FOX,ENTERTAINMENT,3.70,197774,197774000000,10000000,Free,0,Mature 17,Entertainment,0.213984025
Hamilton â€” The Official App,ENTERTAINMENT,4.50,1575,1575000000,100000,Free,0,Everyone,Entertainment,0.161047232
Funny Pics,ENTERTAINMENT,3.90,9941,25458349,1000000,Free,0,Teen,Entertainment,0.15368272
Colorfy: Coloring Book for Adults - Free,ENTERTAINMENT,4.50,787177,25458349,10000000,Free,0,Everyone,Entertainment,0.046784879
All Events in City,EVENTS,4.00,3782,3782000000,100000,Free,0,Everyone,Events,0.50285974
DroidAdmin for Android - Advice,EVENTS,4.20,811,811000000,10000,Free,0,Everyone,Events,0.126175214
Happy Birthday Songs Offline,EVENTS,4.40,464,464000000,100000,Free,0,Everyone,Events,0.364705882
"Gametime - Tickets to Sports, Concerts, Theater",EVENTS,4.50,8800,8800000000,1000000,Free,0,Everyone,Events,0.379740097
Goldstar: Live Event Tickets,EVENTS,4.50,1953,25458349,100000,Free,0,Teen,Events,0.549266414
Citibanamex Movil,FINANCE,3.60,52306,52306000000,5000000,Free,0,Everyone,Finance,0.150061448
Bualuang mBanking,FINANCE,4.00,48445,48445000000,5000000,Free,0,Everyone,Finance,0.004322019
BBVA Spain,FINANCE,4.20,36746,25458349,5000000,Free,0,Everyone,Finance,0.515085706
Ecobank Mobile Banking,FINANCE,4.00,12073,12073000000,1000000,Free,0,Everyone,Finance,-0.014860032
Banorte Movil,FINANCE,4.10,111632,111632000000,1000000,Free,0,Everyone,Finance,0.116998668
Credit Karma,FINANCE,4.70,706301,25458349,10000000,Free,0,Everyone,Finance,0.27005168
BZWBK24 mobile,FINANCE,4.50,64959,64959000000,1000000,Free,0,Everyone,Finance,0.326882552
"GCash - Buy Load, Pay Bills, Send Money",FINANCE,4.00,25508,25458349,1000000,Free,0,Everyone,Finance,0.027082441
Google Pay,FINANCE,4.20,347838,25458349,100000000,Free,0,Everyone,Finance,0.115687486
"Even - organize your money, get paid early",FINANCE,4.80,12304,12304000000,100000,Free,0,Everyone,Finance,0.283928571
Digit Save Money Automatically,FINANCE,4.50,8188,8188000000,100000,Free,0,Everyone,Finance,0.250246309
Acorns - Invest Spare Change,FINANCE,4.30,45957,25458349,1000000,Free,0,Everyone,Finance,0.046666667
Expense IQ Money Manager,FINANCE,4.40,21570,21570000000,1000000,Free,0,Everyone,Finance,0.227506189
Experian - Free Credit Report,FINANCE,4.60,23130,23130000000,1000000,Free,0,Everyone,Finance,0.170504371
Branch,FINANCE,4.60,69973,69973000000,1000000,Free,0,Everyone,Finance,0.264229798
CreditWise from Capital One,FINANCE,4.60,26587,26587000000,1000000,Free,0,Everyone,Finance,0.239454294
Credit Sesame,FINANCE,4.30,25166,25166000000,1000000,Free,0,Everyone,Finance,0.088667386
Fresh EBT - Food Stamp Balance,FINANCE,4.50,19870,19870000000,1000000,Free,0,Everyone,Finance,0.159727405
CNBC: Breaking Business News & Live Market Data,FINANCE,4.20,24647,25458349,1000000,Free,0,Everyone,Finance,0.247703764
Bloomberg Professional,FINANCE,4.10,3334,25458349,500000,Free,0,Everyone,Finance,-0.023352724
E*TRADE Mobile,FINANCE,3.90,10658,10658000000,1000000,Free,0,Everyone,Finance,0.153273414
Fox Business,FINANCE,3.70,2594,25458349,500000,Free,0,Everyone,Finance,0.088826741
Current debit card and app made for teens,FINANCE,4.30,685,685000000,50000,Free,0,Everyone,Finance,0.327258373
Betterment,FINANCE,4.40,3780,3780000000,100000,Free,0,Everyone,Finance,0.143252198
Citizens Bank Mobile Banking,FINANCE,4.10,15192,15192000000,1000000,Free,0,Everyone,Finance,0.013179055
GoBank,FINANCE,4.40,5950,5950000000,500000,Free,0,Everyone,Finance,0.039100828
BBVA Compass Banking,FINANCE,4.30,5905,5905000000,500000,Free,0,Everyone,Finance,0.205590224
BankMobile Vibe App,FINANCE,4.30,14627,14627000000,1000000,Free,0,Everyone,Finance,0.353454577
ACE Elite,FINANCE,4.10,2898,2898000000,100000,Free,0,Everyone,Finance,0.252170916
Associated Credit Union Mobile,FINANCE,4.70,3290,3290000000,50000,Free,0,Everyone,Finance,0.388092829
Bank of America Mobile Banking,FINANCE,4.40,341090,341090000000,10000000,Free,0,Everyone,Finance,0.180026829
Discover Mobile,FINANCE,4.60,87951,87951000000,5000000,Free,0,Everyone,Finance,-0.041666667
Amex Mobile,FINANCE,4.30,24729,24729000000,1000000,Free,0,Everyone,Finance,0.175666326
Citi MobileÂ®,FINANCE,4.00,78306,78306000000,5000000,Free,0,Everyone,Finance,-0.038730655
Chase Mobile,FINANCE,4.60,1374549,1374549000000,10000000,Free,0,Everyone,Finance,0.048165997
HDFC Bank MobileBanking,FINANCE,4.20,208463,25458349,10000000,Free,0,Everyone,Finance,0.11144867
Barclays US for Android,FINANCE,4.10,6998,6998000000,1000000,Free,0,Everyone,Finance,0.017928004
Easy Recipes,FOOD_AND_DRINK,4.70,2707,2707000000,100000,Free,0,Everyone,Food & Drink,0.270538194
Debonairs Pizza,FOOD_AND_DRINK,3.80,3320,3320000000,500000,Free,0,Everyone,Food & Drink,0.046527778
Dunkin' Donuts,FOOD_AND_DRINK,4.20,68103,68103000000,1000000,Free,0,Everyone,Food & Drink,0.19655993
Grubhub: Food Delivery,FOOD_AND_DRINK,4.50,155944,155944000000,5000000,Free,0,Everyone,Food & Drink,0.122739329
Domino's Pizza USA,FOOD_AND_DRINK,4.70,1032935,25458349,10000000,Free,0,Everyone,Food & Drink,0.209078642
Dairy Queen,FOOD_AND_DRINK,3.70,731,731000000,100000,Free,0,Everyone,Food & Drink,0.189409722
Healthy Recipes Free,FOOD_AND_DRINK,4.00,1077,1077000000,100000,Free,0,Everyone,Food & Drink,0.403393912
Cookbook Recipes,FOOD_AND_DRINK,4.10,46539,25458349,5000000,Free,0,Teen,Food & Drink,0.565437038
Easy Healthy Recipes,FOOD_AND_DRINK,4.10,278,278000000,50000,Free,0,Everyone,Food & Drink,0.445762474
Allrecipes Dinner Spinner,FOOD_AND_DRINK,4.50,61881,25458349,5000000,Free,0,Everyone,Food & Drink,0.272999544
Cookpad,FOOD_AND_DRINK,4.50,131569,131569000000,10000000,Free,0,Everyone,Food & Drink,0.257436768
"BigOven Recipes, Meal Planner, Grocery List & More",FOOD_AND_DRINK,4.30,31986,31986000000,1000000,Free,0,Teen,Food & Drink,0.328222403
Foursquare City Guide,FOOD_AND_DRINK,4.10,483960,25458349,10000000,Free,0,Teen,Food & Drink,0.20027868
Eat24 Food Delivery & Takeout,FOOD_AND_DRINK,4.30,40116,25458349,1000000,Free,0,Everyone,Food & Drink,0.171610521
BeyondMenu Food Delivery,FOOD_AND_DRINK,4.70,51517,25458349,1000000,Free,0,Everyone,Food & Drink,0.40874269
EatStreet Food Delivery App,FOOD_AND_DRINK,4.60,7690,7690000000,100000,Free,0,Everyone,Food & Drink,0.383265303
Caviar - Food Delivery,FOOD_AND_DRINK,4.20,3755,3755000000,100000,Free,0,Everyone,Food & Drink,0.217374781
DoorDash - Food Delivery,FOOD_AND_DRINK,4.50,104504,25458349,1000000,Free,0,Everyone,Food & Drink,0.072407103
Home Workout - No Equipment,HEALTH_AND_FITNESS,4.80,428156,428156000000,10000000,Free,0,Everyone,Health & Fitness,0.338351856
30 Day Fitness Challenge - Workout at Home,HEALTH_AND_FITNESS,4.80,471036,25458349,10000000,Free,0,Everyone,Health & Fitness,0.333536873
Home Workout for Men - Bodybuilding,HEALTH_AND_FITNESS,4.80,12705,12705000000,1000000,Free,0,Everyone,Health & Fitness,0.523449519
Fat Burning Workout - Home Weight lose,HEALTH_AND_FITNESS,4.50,706,706000000,100000,Free,0,Everyone,Health & Fitness,0.17526901
Fitbit,HEALTH_AND_FITNESS,3.90,357417,25458349,10000000,Free,0,Everyone,Health & Fitness,0.245554654
Cycling - Bike Tracker,HEALTH_AND_FITNESS,4.50,9116,9116000000,500000,Free,0,Everyone,Health & Fitness,0.352146825
Abs Training-Burn belly fat,HEALTH_AND_FITNESS,4.70,2071,2071000000,100000,Free,0,Everyone,Health & Fitness,0.217418823
Calorie Counter - EasyFit free,HEALTH_AND_FITNESS,4.70,50294,50294000000,1000000,Free,0,Everyone,Health & Fitness,0.348028718
Garmin Connectâ„¢,HEALTH_AND_FITNESS,3.90,232153,25458349,10000000,Free,0,Everyone,Health & Fitness,0.15480993
BetterMe: Weight Loss Workouts,HEALTH_AND_FITNESS,4.20,14709,14709000000,5000000,Free,0,Everyone,Health & Fitness,0.292275323
Bike Computer - GPS Cycling Tracker,HEALTH_AND_FITNESS,4.40,12029,12029000000,1000000,Free,0,Everyone,Health & Fitness,0.281978404
Calorie Counter - MyFitnessPal,HEALTH_AND_FITNESS,4.60,1873516,25458349,50000000,Free,0,Everyone,Health & Fitness,0.215673515
8fit Workouts & Meal Planner,HEALTH_AND_FITNESS,4.60,115721,115721000000,10000000,Free,0,Everyone,Health & Fitness,0.264864241
Couch to 10K Running Trainer,HEALTH_AND_FITNESS,4.60,10445,10445000000,500000,Free,0,Everyone,Health & Fitness,0.337378791
"Home workouts - fat burning, abs, legs, arms,chest",HEALTH_AND_FITNESS,4.30,4848,4848000000,1000000,Free,0,Everyone,Health & Fitness,0.448220486
"Fabulous: Motivate Me! Meditate, Relax, Sleep",HEALTH_AND_FITNESS,4.60,205299,205299000000,5000000,Free,0,Everyone,Health & Fitness,0.191995942
7 Minute Workout,HEALTH_AND_FITNESS,4.50,399009,25458349,10000000,Free,0,Everyone,Health & Fitness,0.410277778
Freeletics: Personal Trainer & Fitness Workouts,HEALTH_AND_FITNESS,4.50,130104,130104000000,10000000,Free,0,Everyone,Health & Fitness,0.274250682
Daily Workouts - Exercise Fitness Routine Trainer,HEALTH_AND_FITNESS,4.40,134195,25458349,10000000,Free,0,Everyone,Health & Fitness,0.8
Google Fit - Fitness Tracking,HEALTH_AND_FITNESS,3.90,249855,25458349,10000000,Free,0,Everyone,Health & Fitness,0.13005303
Daily Yoga - Yoga Fitness Plans,HEALTH_AND_FITNESS,4.40,70769,70769000000,5000000,Free,0,Everyone,Health & Fitness,0.257017647
Down Dog: Great Yoga Anywhere,HEALTH_AND_FITNESS,4.90,28945,28945000000,500000,Free,0,Teen,Health & Fitness,0.291847264
21-Day Meditation Experience,HEALTH_AND_FITNESS,4.40,11506,11506000000,100000,Free,0,Everyone,Health & Fitness,0.258013678
"Calm - Meditate, Sleep, Relax",HEALTH_AND_FITNESS,4.60,111450,25458349,5000000,Free,0,Everyone,Health & Fitness,0.289524201
Headspace: Meditation & Mindfulness,HEALTH_AND_FITNESS,4.60,77563,77563000000,10000000,Free,0,Everyone,Health & Fitness,0.227007576
Best Ovulation Tracker Fertility Calendar App Glow,HEALTH_AND_FITNESS,4.60,56145,56145000000,1000000,Free,0,Everyone,Health & Fitness,0.5953125
"Eve Period Tracker - Love, Sex & Relationships App",HEALTH_AND_FITNESS,4.60,20326,20326000000,1000000,Free,0,Teen,Health & Fitness,0.505036708
Couch to 5K by RunDouble,HEALTH_AND_FITNESS,4.70,15674,15674000000,1000000,Free,0,Everyone,Health & Fitness,0.277326422
Fooducate Healthy Weight Loss & Calorie Counter,HEALTH_AND_FITNESS,4.40,14402,25458349,1000000,Free,0,Everyone,Health & Fitness,0.354216923
Calorie Counter - MyNetDiary,HEALTH_AND_FITNESS,4.50,27439,27439000000,1000000,Free,0,Everyone,Health & Fitness,0.375841996
10 Best Foods for You,HEALTH_AND_FITNESS,4.00,2490,2490000000,500000,Free,0,Everyone 10,Health & Fitness,0.470732821
Calorie Counter - Macros,HEALTH_AND_FITNESS,4.00,3061,3061000000,100000,Free,0,Everyone,Health & Fitness,0.247518682
Health and Nutrition Guide,HEALTH_AND_FITNESS,4.30,7895,7895000000,500000,Free,0,Everyone,Health & Fitness,0.391510771
Calorie Counter & Diet Tracker,HEALTH_AND_FITNESS,4.50,32606,25458349,1000000,Free,0,Everyone,Health & Fitness,0.229177692
Food Calorie Calculator,HEALTH_AND_FITNESS,4.20,1324,1324000000,100000,Free,0,Everyone,Health & Fitness,0.097972803
Eat Fit - Diet and Health Free,HEALTH_AND_FITNESS,4.10,2469,2469000000,100000,Free,0,Everyone,Health & Fitness,0.245044147
Happify,HEALTH_AND_FITNESS,3.70,1812,1812000000,100000,Free,0,Everyone,Health & Fitness,0.21889678
Binaural Beats Therapy,HEALTH_AND_FITNESS,4.30,13724,25458349,1000000,Free,0,Everyone,Health & Fitness,0.283268753
Brain Waves - Binaural Beats,HEALTH_AND_FITNESS,4.40,5038,5038000000,500000,Free,0,Everyone,Health & Fitness,0.221731489
7 Cups: Anxiety & Stress Chat,HEALTH_AND_FITNESS,4.20,13799,25458349,500000,Free,0,Teen,Health & Fitness,0.324670139
Apartments & Rentals - Zillow,HOUSE_AND_HOME,4.20,27386,25458349,1000000,Free,0,Everyone,House & Home,0.292991686
"Homes.com ðŸ  For Sale, Rent",HOUSE_AND_HOME,4.00,6000,6000000000,1000000,Free,0,Everyone,House & Home,0.238365801
"Apartment List: Housing, Apt, and Property Rentals",HOUSE_AND_HOME,4.50,8481,8481000000,1000000,Free,0,Everyone,House & Home,0.466422872
Gold Butterfly Keyboard Theme,HOUSE_AND_HOME,4.30,10054,10054000000,1000000,Free,0,Everyone,House & Home,0.430822852
"Apartment, Home Rental Search: Realtor.com Rentals",HOUSE_AND_HOME,3.90,10117,10117000000,1000000,Free,0,Everyone,House & Home,-0.0037329
DIY On A Budget,HOUSE_AND_HOME,4.70,114,114000000,10000,Free,0,Teen,House & Home,0.448062641
Free Foreclosure Real Estate Search by USHUD.com,HOUSE_AND_HOME,3.40,287,287000000,100000,Free,0,Everyone,House & Home,-0.038367286
Home Security Camera WardenCam - reuse old phones,HOUSE_AND_HOME,4.30,43800,25458349,1000000,Free,0,Everyone,House & Home,0.201457362
Apartments.com Rental Search,HOUSE_AND_HOME,4.30,22584,22584000000,1000000,Free,0,Everyone,House & Home,0.072403055
Alfred Home Security Camera,HOUSE_AND_HOME,4.50,103305,25458349,5000000,Free,0,Everyone,House & Home,0.337574242
Home Decor Showpiece Art making: Medium Difficulty,HOUSE_AND_HOME,4.30,273,273000000,50000,Free,0,Everyone,House & Home,0.191866667
ColorSnapÂ® Visualizer,HOUSE_AND_HOME,3.40,3280,3280000000,1000000,Free,0,Everyone,House & Home,0.024391026
Apartment Decorating Ideas,HOUSE_AND_HOME,3.90,1478,1478000000,100000,Free,0,Everyone,House & Home,0.245
Bathroom Decorating Ideas,HOUSE_AND_HOME,4.10,2427,2427000000,500000,Free,0,Everyone,House & Home,0.362675781
Homesnap Real Estate & Rentals,HOUSE_AND_HOME,4.30,3834,3834000000,500000,Free,0,Everyone,House & Home,0.276848002
Aviary Effects: Classic,LIBRARIES_AND_DEMO,3.80,67007,232000,5000000,Free,0,Everyone,Libraries & Demo,0.106241194
Chakra Cleansing,LIBRARIES_AND_DEMO,4.60,539,539000000,50000,Free,0,Everyone,Libraries & Demo,0.424735187
Aviary Stickers: Free Pack,LIBRARIES_AND_DEMO,3.50,126862,624000,10000000,Free,0,Everyone,Libraries & Demo,0.065828553
Binaural Beats Meditation,LIBRARIES_AND_DEMO,4.30,411,411000000,50000,Free,0,Everyone,Libraries & Demo,0.353518105
Essential Resources,LIBRARIES_AND_DEMO,4.60,237,8500,50000,Free,0,Everyone,Libraries & Demo,0.281419623
Apk Installer,LIBRARIES_AND_DEMO,3.80,7750,292000,1000000,Free,0,Everyone,Libraries & Demo,0.193916947
Cool Popular Ringtones 2018 ðŸ”¥,LIBRARIES_AND_DEMO,4.50,60170,60170000000,1000000,Free,0,Everyone,Libraries & Demo,0.203484881
Barcode Scanner,LIBRARIES_AND_DEMO,4.20,3945,3945000000,500000,Free,0,Everyone,Libraries & Demo,0.386270134
EyeCloud,LIBRARIES_AND_DEMO,3.10,1267,1267000000,100000,Free,0,Everyone,Libraries & Demo,0.117178554
Easy Hair Style Design,LIFESTYLE,4.30,601,601000000,100000,Free,0,Everyone,Lifestyle,0.490203704
Easy Makeup Tutorials,LIFESTYLE,4.30,7287,7287000000,1000000,Free,0,Everyone,Lifestyle,0.281971375
Horoscopes â€“ Daily Zodiac Horoscope and Astrology,LIFESTYLE,4.60,161143,161143000000,10000000,Free,0,Everyone 10,Lifestyle,0.264314858
Entel,LIFESTYLE,3.20,16168,16168000000,1000000,Free,0,Everyone,Lifestyle,0.018577117
Diary with lock,LIFESTYLE,4.60,815893,815893000000,10000000,Free,0,Everyone,Lifestyle,0.283763341
FOSSIL Q: DESIGN YOUR DIAL,LIFESTYLE,4.30,985,985000000,500000,Free,0,Everyone,Lifestyle,0.239766988
Family Locator - GPS Tracker,LIFESTYLE,4.40,726074,726074000000,10000000,Free,0,Everyone,Lifestyle,0.358575352
HTC Speak,LIFESTYLE,3.50,6145,6145000000,10000000,Free,0,Everyone,Lifestyle,0.004105721
H&M,LIFESTYLE,3.70,41941,41941000000,10000000,Free,0,Everyone,Lifestyle,0.024472956
Anime Avatar Creator: Make Your Own Avatar,LIFESTYLE,4.20,10944,10944000000,1000000,Free,0,Everyone,Lifestyle,0.202157715
Beautiful Design Birthday Cake,LIFESTYLE,4.30,665,665000000,500000,Free,0,Everyone,Lifestyle,0.27030754
H Pack,LIFESTYLE,4.30,9412,9412000000,1000000,Free,0,Everyone,Lifestyle,0.108242424
Fashion in Vogue,LIFESTYLE,3.80,1797,1797000000,100000,Free,0,Everyone,Lifestyle,0.055325657
Big Days - Events Countdown,LIFESTYLE,4.60,39724,25458349,1000000,Free,0,Everyone,Lifestyle,0.285413727
DIY Garden Ideas,LIFESTYLE,4.10,3309,3309000000,500000,Free,0,Everyone,Lifestyle,0.444044118
Brit + Co,LIFESTYLE,3.90,987,987000000,10000,Free,0,Everyone,Lifestyle,0.123124662
Homestyler Interior Design & Decorating Ideas,LIFESTYLE,4.10,78298,78298000000,5000000,Free,0,Everyone,Lifestyle,0.17563054
Etta Homes,LIFESTYLE,4.20,220,220000000,50000,Free,0,Everyone,Lifestyle,0.344622507
Home ScoutingÂ® MLS Mobile,LIFESTYLE,4.30,1533,1533000000,100000,Free,0,Everyone,Lifestyle,0.090935809
Housing-Real Estate & Property,LIFESTYLE,4.10,28301,25458349,1000000,Free,0,Everyone,Lifestyle,-0.021426982
Bed Time Fan - White Noise Sleep Sounds,LIFESTYLE,4.50,10097,10097000000,500000,Free,0,Everyone,Lifestyle,0.78125
7 Day Food Journal Challenge,LIFESTYLE,4.50,3346,3346000000,100000,Free,0,Teen,Lifestyle,0.189411376
Candy Crush Saga,GAME,4.40,22426677,22426677000000,500000000,Free,0,Everyone,Casual,0.031067865
Bubble Shooter,GAME,4.50,148897,148897000000,10000000,Free,0,Everyone,Casual,0.25367636
Hello Kitty Nail Salon,GAME,4.20,369203,369203000000,50000000,Free,0,Everyone,Casual;Pretend Play,0.057448089
Clash Royale,GAME,4.60,23133508,23133508000000,100000000,Free,0,Everyone 10,Strategy,0.069157109
Helix Jump,GAME,4.20,1497361,1497361000000,100000000,Free,0,Everyone,Action,0.09966548
Block Puzzle,GAME,4.60,59800,59800000000,5000000,Free,0,Everyone,Puzzle,0.035221354
Angry Birds Rio,GAME,4.40,2610526,2610526000000,100000000,Free,0,Everyone,Arcade,-0.038924252
Candy Crush Soda Saga,GAME,4.40,6198563,6198563000000,100000000,Free,0,Everyone,Casual,-0.057079366
Clash of Clans,GAME,4.60,44891723,44891723000000,100000000,Free,0,Everyone 10,Strategy,0.036755682
Block Puzzle Classic Legend !,GAME,4.20,17039,17039000000,5000000,Free,0,Everyone,Puzzle,0.150906987
8 Ball Pool,GAME,4.50,14198297,14198297000000,100000000,Free,0,Everyone,Sports,0.001252007
Bubble Witch 3 Saga,GAME,4.70,1732263,1732263000000,50000000,Free,0,Everyone,Puzzle,0.065384678
Granny,GAME,4.50,1135631,1135631000000,50000000,Free,0,Teen,Arcade,0.064623164
Angry Birds Classic,GAME,4.40,5566669,5566669000000,100000000,Free,0,Everyone,Arcade,-0.007537395
Flow Free,GAME,4.30,1295557,1295557000000,100000000,Free,0,Everyone,Puzzle,0.070768627
Fishdom,GAME,4.60,2157930,25458349,10000000,Free,0,Everyone,Puzzle,0.059514849
Galaxy Attack: Alien Shooter,GAME,4.60,506275,25458349,10000000,Free,0,Everyone,Arcade,0.077289751
Bubble Shooter 2,GAME,4.30,23005,25458349,5000000,Free,0,Everyone,Arcade,0.284848485
Barbieâ„¢ Fashion Closet,GAME,4.10,68057,68057000000,10000000,Free,0,Everyone,Casual;Creativity,0.048600289
Candy Crush Jelly Saga,GAME,4.30,1300490,1300490000000,50000000,Free,0,Everyone,Puzzle,-0.092334358
Hill Climb Racing,GAME,4.40,8923587,8923587000000,100000000,Free,0,Everyone,Racing,0.09099915
Gardenscapes,GAME,4.60,4128732,25458349,50000000,Free,0,Everyone,Casual,0.019585138
Farm Heroes Saga,GAME,4.40,7614130,7614130000000,100000000,Free,0,Everyone,Casual,-0.011810532
Cut the Rope FULL FREE,GAME,4.40,2123381,2123381000000,100000000,Free,0,Everyone,Puzzle,0.013067754
Cooking Fever,GAME,4.50,3197865,3197865000000,100000000,Free,0,Everyone,Arcade,-0.042331443
Garena Free Fire,GAME,4.50,5465624,5465624000000,100000000,Free,0,Teen,Action,0.07115787
Bowmasters,GAME,4.70,1534466,25458349,50000000,Free,0,Teen,Action,0.061415449
Dream League Soccer 2018,GAME,4.60,9882639,9882639000000,100000000,Free,0,Everyone,Sports,-0.000518078
Fruits Bomb,GAME,4.40,74673,74673000000,10000000,Free,0,Everyone,Casual,0.205323353
Hill Climb Racing 2,GAME,4.60,2750410,25458349,100000000,Free,0,Everyone,Racing,0.162140767
Farm Fruit Pop: Party Time,GAME,4.40,9305,9305000000,1000000,Free,0,Everyone,Casual,0.165027722
Color by Number â€“ New Coloring Book,GAME,4.70,141529,141529000000,5000000,Free,0,Everyone 10,Board,0.168856336
Extreme Car Driving Simulator,GAME,4.30,2251012,2251012000000,100000000,Free,0,Everyone,Racing,-0.073611111
Color Road,GAME,4.10,84911,84911000000,10000000,Free,0,Everyone,Arcade,-0.059356757
Draw In,GAME,4.20,46416,46416000000,10000000,Free,0,Everyone,Arcade,-0.134166667
Baseball Boy!,GAME,3.40,148177,148177000000,10000000,Free,0,Everyone,Arcade,0.012272397
Episode - Choose Your Story,GAME,4.30,1841061,25458349,50000000,Free,0,Teen,Simulation,0.080273774
Hello Stars,GAME,4.60,101686,101686000000,10000000,Free,0,Everyone,Puzzle,0.168330372
Flip the Gun - Simulator Game,GAME,4.20,195558,195558000000,10000000,Free,0,Everyone,Arcade,-0.008393065
Harry Potter: Hogwarts Mystery,GAME,4.40,1107310,25458349,10000000,Free,0,Teen,Adventure,0.05756054
Grim Soul: Dark Fantasy Survival,GAME,4.50,189773,189773000000,5000000,Free,0,Teen,Role Playing,0.052306129
DRAGON BALL LEGENDS,GAME,4.60,337752,337752000000,5000000,Free,0,Teen,Action,0.09954934
Disney Heroes: Battle Mode,GAME,4.60,102107,25458349,5000000,Free,0,Everyone 10,Strategy,-0.005
Homescapes,GAME,4.60,3093358,25458349,10000000,Free,0,Everyone,Casual,0.038252644
Hero Hunters,GAME,4.40,70747,70747000000,5000000,Free,0,Teen,Action,-0.021667189
Cooking Madness - A Chef's Restaurant Games,GAME,4.70,358817,358817000000,10000000,Free,0,Everyone,Arcade,0.013550645
Dino War: Rise of Beasts,GAME,4.10,18996,18996000000,1000000,Free,0,Teen,Strategy,0.05913701
Guns of Glory,GAME,4.00,120592,120592000000,10000000,Free,0,Everyone 10,Strategy,-0.142060426
Final Fantasy XV: A New Empire,GAME,4.00,484981,25458349,10000000,Free,0,Everyone 10,Strategy,-0.023527279
Chapters: Interactive Stories,GAME,4.50,73539,73539000000,1000000,Free,0,Mature 17,Role Playing,0.149045066
Honkai Impact 3rd,GAME,4.70,59017,59017000000,1000000,Free,0,Teen,Action,0.10148298
Farming Simulator 18,GAME,4.50,18125,18125000000,100000,Paid,5,Everyone,Simulation;Education,0.064467132
Call of Duty:Black Ops Zombies,GAME,4.20,13004,13004000000,100000,Paid,7,Teen,Action,-0.162119502
Angry Birds 2,GAME,4.60,3883589,3883589000000,100000000,Free,0,Everyone,Casual,0.0022822
Fallout Shelter,GAME,4.60,2719142,2719142000000,10000000,Free,0,Teen,Simulation,0.170232149
Best Fiends - Free Puzzle Game,GAME,4.60,1480189,25458349,10000000,Free,0,Everyone,Casual,0.325
Choices: Stories You Play,GAME,4.60,807338,807338000000,10000000,Free,0,Teen,Simulation,0.033678402
Game of Thrones: Conquestâ„¢,GAME,4.00,90218,90218000000,1000000,Free,0,Teen,Strategy,0.198888889
FINAL FANTASY BRAVE EXVIUS,GAME,4.60,745684,745684000000,5000000,Free,0,Teen,Role Playing,0.070815486
Fate/Grand Order (English),GAME,4.40,16601,16601000000,500000,Free,0,Teen,Role Playing,0.060880931
Dungeon Hunter Champions: Epic Online Action RPG,GAME,4.20,26247,25458349,1000000,Free,0,Teen,Role Playing,-0.034255808
Doodle Jump,GAME,4.30,1083571,25458349,50000000,Free,0,Everyone,Arcade,0.113630003
Crossy Road,GAME,4.50,4230886,4230886000000,100000000,Free,0,Everyone,Action,0.215851281
Dude Perfect 2,GAME,4.50,401425,401425000000,10000000,Free,0,Everyone,Action,0.116902356
Alto's Adventure,GAME,4.60,515657,515657000000,10000000,Free,0,Everyone,Action,0.039826942
DEER HUNTER 2018,GAME,4.30,955656,955656000000,10000000,Free,0,Teen,Action,-0.383333333
DEAD TARGET: FPS Zombie Apocalypse Survival Games,GAME,4.50,1468591,25458349,50000000,Free,0,Mature 17,Action,0.066818261
Anger of stick 5 : zombie,GAME,4.50,549039,549039000000,50000000,Free,0,Teen,Action,0.119444444
CATS: Crash Arena Turbo Stars,GAME,4.70,1559650,25458349,50000000,Free,0,Everyone,Action,0.028953155
DINO HUNTER: DEADLY SHORES,GAME,4.40,1381820,1381820000000,10000000,Free,0,Teen,Action,0.022312568
Extreme Match,GAME,4.50,696,25458349,100000,Free,0,Everyone,Action,0.194464549
Agar.io,GAME,4.20,3816799,3816799000000,100000000,Free,0,Everyone,Action,-0.060602233
Battlelands Royale,GAME,4.40,105620,105620000000,1000000,Free,0,Everyone 10,Action,0.040406195
Arrow.io,GAME,4.50,343263,25458349,10000000,Free,0,Everyone 10,Action,0.080738174
BEYBLADE BURST app,GAME,4.50,216849,25458349,10000000,Free,0,Everyone,Action;Action & Adventure,-0.013927396
Dragon Hills,GAME,4.50,354373,354373000000,10000000,Free,0,Everyone 10,Action,0.040340518
DC Super Hero Girlsâ„¢,GAME,4.30,43055,43055000000,5000000,Free,0,Everyone,Action;Action & Adventure,0.334009024
Dinosaur Simulator: Dino World,GAME,4.00,26649,26649000000,5000000,Free,0,Teen,Action,-0.013141026
GUNSHIP BATTLE: Helicopter 3D,GAME,4.30,2151039,2151039000000,50000000,Free,0,Teen,Action,0.022225918
Bubble Shooter Genies,GAME,4.50,26985,26985000000,5000000,Free,0,Everyone,Casual,0.047988456
Blossom Blast Saga,GAME,4.50,1125438,1125438000000,10000000,Free,0,Everyone,Casual,0.005714461
Candy Bomb,GAME,4.40,42145,42145000000,10000000,Free,0,Everyone,Casual;Brain Games,0.327403199
Gems or jewels ?,GAME,4.70,171448,171448000000,10000000,Free,0,Teen,Puzzle,0.1402082
Fruit Block - Puzzle Legend,GAME,4.60,125647,125647000000,10000000,Free,0,Everyone,Casual,-0.183333333
Bubble Shooter Space,GAME,4.20,4355,25458349,1000000,Free,0,Everyone,Casual,0.184930556
1LINE â€“ One Line with One Touch,GAME,4.60,214878,214878000000,10000000,Free,0,Everyone,Board,0.1962903
Dog Run - Pet Dog Simulator,GAME,4.70,48615,48615000000,10000000,Free,0,Everyone,Simulation;Action & Adventure,0.137098554
Coloring & Learn,FAMILY,4.40,12753,12753000000,5000000,Free,0,Everyone,Educational;Creativity,0.413822269
Educational Games 4 Kids,FAMILY,4.30,11618,11618000000,5000000,Free,0,Everyone,Educational;Education,0.194359526
Candy Pop Story,FAMILY,4.70,12948,12948000000,1000000,Free,0,Everyone,Casual;Brain Games,0.042415148
Candy Smash,FAMILY,4.50,11436,11436000000,1000000,Free,0,Everyone,Casual;Brain Games,0.157267361
Happy Fruits Bomb - Cube Blast,FAMILY,4.50,2150,2150000000,500000,Free,0,Everyone,Casual;Brain Games,0.023922799
Baby Panda Care,FAMILY,4.20,108795,108795000000,10000000,Free,0,Everyone,Educational;Pretend Play,0.172018939
Baby puzzles,FAMILY,4.30,11950,11950000000,5000000,Free,0,Everyone,Educational;Education,0.079499843
Garden Fruit Legend,FAMILY,4.60,4289,4289000000,500000,Free,0,Everyone,Casual;Brain Games,0.242788462
Candy Day,FAMILY,4.50,11716,11716000000,1000000,Free,0,Everyone,Casual;Brain Games,0.192464364
ABC Kids - Tracing & Phonics,FAMILY,4.50,36606,25458349,10000000,Free,0,Everyone,Educational;Education,0.367770173
Barbie Magical Fashion,FAMILY,4.00,328619,328619000000,10000000,Free,0,Everyone,Casual;Creativity,0.084732765
Farming Simulator 14,FAMILY,4.50,530854,530854000000,10000000,Free,0,Everyone,Simulation;Action & Adventure,0.058127922
Educational Games for Kids,FAMILY,4.50,7050,7050000000,1000000,Free,0,Everyone,Educational;Education,0.306556437
Hot Wheels: Race Off,FAMILY,4.50,520609,25458349,10000000,Free,0,Everyone,Racing;Action & Adventure,-0.008838898
Baby Tiger Care - My Cute Virtual Pet Friend,FAMILY,4.50,432,432000000,100000,Free,0,Everyone 10,Educational;Education,0.195185185
DisneyNOW â€“ TV Shows & Games,FAMILY,4.30,82471,25458349,5000000,Free,0,Everyone,Entertainment;Music & Video,0.203991959
Drawing for Kids Learning Games for Toddlers age 3,FAMILY,4.60,29436,29436000000,1000000,Free,0,Everyone,Educational;Education,0.386666667
Baby Pandaâ€™s Juice Shop,FAMILY,4.50,19230,19230000000,5000000,Free,0,Everyone,Educational;Brain Games,0.108333333
Dr. Panda Restaurant 3,FAMILY,4.20,11126,11126000000,1000000,Free,0,Everyone,Educational;Pretend Play,-0.097467771
Baby ABC in box! Kids alphabet games for toddlers!,FAMILY,4.60,9652,9652000000,1000000,Free,0,Everyone,Educational;Education,0.285775126
Happy Street,FAMILY,4.50,110877,25458349,1000000,Free,0,Everyone 10,Casual;Action & Adventure,0.053588818
Dr. Panda Town: Vacation,FAMILY,3.80,10366,10366000000,1000000,Free,0,Everyone,Education;Pretend Play,0.09280715
Fuzzy Seasons: Animal Forest,FAMILY,4.80,12137,12137000000,100000,Free,0,Everyone 10,Simulation;Pretend Play,0.168933226
Basketball FRVR - Shoot the Hoop and Slam Dunk!,FAMILY,4.50,4076,25458349,100000,Free,0,Everyone,Sports;Action & Adventure,0.102464286
Extreme Racing 2 - Real driving RC cars game!,FAMILY,4.30,4207,4207000000,500000,Free,0,Everyone,Racing;Action & Adventure,0.023667328
Disney Magic Kingdoms: Build Your Own Magical Park,FAMILY,4.30,472584,472584000000,10000000,Free,0,Everyone,Simulation;Action & Adventure,0.087029655
Equestria Girls,FAMILY,4.30,392596,392596000000,10000000,Free,0,Everyone,Role Playing;Action & Adventure,0.043808377
Doctor Pets,FAMILY,4.20,23060,23060000000,1000000,Free,0,Everyone,Educational;Education,0.168802083
Frozen Free Fall,FAMILY,4.30,1574197,1574197000000,50000000,Free,0,Everyone,Puzzle;Action & Adventure,0.0601057
Dominos Game âœ”ï¸,FAMILY,4.10,2903,2903000000,1000000,Free,0,Everyone,Board;Brain Games,0.023215534
Checkers âœ”ï¸,FAMILY,4.10,3617,3617000000,1000000,Free,0,Everyone,Board;Brain Games,0.064834681
All-in-One Mahjong 3 FREE,FAMILY,4.50,566,566000000,50000,Free,0,Everyone,Board;Brain Games,0.5
DreamWorks Friends,FAMILY,3.60,1042,1042000000,100000,Free,0,Everyone,Role Playing;Pretend Play,-0.001788083
Dr. Panda & Toto's Treehouse,FAMILY,4.40,3396,3396000000,50000,Paid,4,Everyone,Casual;Pretend Play,0.180236683
Fun Kid Racing - Motocross,FAMILY,4.10,59729,25458349,10000000,Free,0,Everyone,Racing;Action & Adventure,0.190795455
Barbie Lifeâ„¢,FAMILY,3.90,133117,133117000000,5000000,Free,0,Everyone,Casual;Pretend Play,0.162612972
Hello Kitty Lunchbox,FAMILY,4.20,51838,51838000000,5000000,Free,0,Everyone,Casual;Creativity,-0.052718387
COOKING MAMA Let's Cook!,FAMILY,4.30,528745,528745000000,10000000,Free,0,Everyone,Educational;Pretend Play,0.218922087
Fun Kid Racing,FAMILY,4.00,79667,25458349,10000000,Free,0,Everyone,Racing;Action & Adventure,0.269738292
ABCmouse.com,FAMILY,4.30,50887,50887000000,5000000,Free,0,Everyone,Education;Education,0.182503858
Essential Anatomy 3,MEDICAL,4.10,1533,1533000000,50000,Paid,12,Mature 17,Medical,0.225516303
Diabetes & Diet Tracker,MEDICAL,4.60,395,395000000,1000,Paid,10,Everyone,Medical,0.363627311
GoodRx Drug Prices and Coupons,MEDICAL,4.80,59158,59158000000,1000000,Free,0,Everyone,Medical,0.252471042
FollowMyHealthÂ®,MEDICAL,4.60,73118,73118000000,1000000,Free,0,Everyone,Medical,0.189427671
Blood Pressure,MEDICAL,4.20,33033,33033000000,5000000,Free,0,Everyone,Medical,0.44494302
Doctor On Demand,MEDICAL,4.70,18674,25458349,1000000,Free,0,Everyone,Medical,0.388429922
BioLife Plasma Services,MEDICAL,3.50,250,250000000,100000,Free,0,Everyone,Medical,0.154806166
Anthem Anywhere,MEDICAL,2.70,2657,2657000000,500000,Free,0,Everyone,Medical,-0.087977314
Blood Donor,MEDICAL,4.20,4476,4476000000,500000,Free,0,Everyone,Medical,0.205221449
1800 Contacts - Lens Store,MEDICAL,4.70,23160,23160000000,1000000,Free,0,Everyone,Medical,0.318144774
Blood Pressure Log - MyDiary,MEDICAL,4.70,8348,8348000000,500000,Free,0,Everyone,Medical,0.325054912
CVS Caremark,MEDICAL,3.50,3707,3707000000,500000,Free,0,Everyone,Medical,0.191908023
Ada - Your Health Guide,MEDICAL,4.70,87418,87418000000,1000000,Free,0,Everyone,Medical,0.303256293
All Mental disorders,MEDICAL,4.50,453,453000000,100000,Free,0,Everyone,Medical,0.198602464
Delta Dental,MEDICAL,3.00,914,25458349,100000,Free,0,Everyone,Medical,-0.084184772
Drugs.com Medication Guide,MEDICAL,4.40,15875,25458349,1000000,Free,0,Everyone,Medical,0.247353579
HealtheLife,MEDICAL,3.60,190,190000000,100000,Free,0,Everyone,Medical,0.063212302
Anatomy Learning - 3D Atlas,MEDICAL,4.50,72167,72167000000,1000000,Free,0,Everyone,Medical,0.22653245
Baritastic - Bariatric Tracker,MEDICAL,4.70,4318,4318000000,100000,Free,0,Everyone,Medical,0.418276737
Epocrates Plus,MEDICAL,4.30,23889,25458349,1000000,Free,0,Everyone,Medical,0.299594697
Banfield Pet Health Tracker,MEDICAL,4.20,1747,1747000000,100000,Free,0,Everyone,Medical,0.082540514
Davis's Drug Guide for Nurses,MEDICAL,4.50,572,572000000,50000,Free,0,Everyone,Medical,0.314814815
Diabetes:M,MEDICAL,4.60,15545,25458349,100000,Free,0,Everyone,Medical,0.317967904
HESI A2 Pocket Prep,MEDICAL,4.30,2108,2108000000,50000,Free,0,Everyone,Medical,0.379146825
Davis's Drug Guide,MEDICAL,3.90,272,272000000,50000,Free,0,Everyone,Medical,-0.1
Free Hypnosis,MEDICAL,4.20,4303,25458349,100000,Free,0,Everyone,Medical,0.275794903
Dosecast - Medication Reminder,MEDICAL,4.30,4107,25458349,100000,Free,0,Everyone,Medical,0.299149561
Anthem BC Anywhere,MEDICAL,2.60,496,496000000,100000,Free,0,Everyone,Medical,-0.123233487
High Blood Pressure Symptoms,MEDICAL,4.00,531,531000000,100000,Free,0,Everyone,Medical,0.419533596
Blood Pressure(BP) Diary,MEDICAL,3.70,3596,3596000000,1000000,Free,0,Everyone,Medical,0.087683254
Airway Ex - Intubate. Anesthetize. Train.,MEDICAL,4.30,123,123000000,10000,Free,0,Everyone,Medical,0.220941901
BELONG Beating Cancer Together,MEDICAL,4.70,623,623000000,50000,Free,0,Teen,Medical,0.350582873
ConnectLine,MEDICAL,3.10,253,253000000,50000,Free,0,Everyone,Medical,0.138011629
Facebook,SOCIAL,4.10,78158306,25458349,1000000000,Free,0,Teen,Social,-0.007002902
Facebook Lite,SOCIAL,4.30,8606259,25458349,500000000,Free,0,Teen,Social,-0.000991088
All Social Networks,SOCIAL,4.20,22492,22492000000,1000000,Free,0,Everyone,Social,-0.106410242
Google+,SOCIAL,4.20,4831125,25458349,1000000000,Free,0,Teen,Social,0.368055556
"Hide Something - Photo, Video",SOCIAL,4.60,225103,225103000000,5000000,Free,0,Everyone,Social,0.240710235
Amino: Communities and Chats,SOCIAL,4.80,1259075,1259075000000,10000000,Free,0,Teen,Social,0.047589604
Facebook Local,SOCIAL,4.20,4751,25458349,1000000,Free,0,Teen,Social,0.133641698
HTC Social Plugin - Facebook,SOCIAL,3.60,13223,13223000000,10000000,Free,0,Mature 17,Social,-0.051704965
Family GPS tracker KidControl + GPS by SMS Locator,SOCIAL,4.50,57146,25458349,1000000,Free,0,Everyone,Social,0.211203097
Badoo - Free Chat & Dating App,SOCIAL,4.30,3781770,25458349,100000000,Free,0,Mature 17,Social,0.128489177
"Free phone calls, free texting SMS on free number",SOCIAL,4.50,412725,412725000000,10000000,Free,0,Everyone,Social,0.229604202
Blogger,SOCIAL,3.70,138026,138026000000,5000000,Free,0,Mature 17,Social,0.125125807
Bloglovin',SOCIAL,3.90,8936,25458349,500000,Free,0,Everyone,Social,0.133952509
Blogaway for Android (Blogger),SOCIAL,3.70,4253,4253000000,100000,Free,0,Teen,Social,0.197254489
Banjo,SOCIAL,4.20,58341,58341000000,1000000,Free,0,Everyone,Social,0.230850212
Frontback - Social Photos,SOCIAL,3.80,19446,25458349,1000000,Free,0,Mature 17,Social,0.207096486
Couple - Relationship App,SOCIAL,4.00,33249,33249000000,1000000,Free,0,Everyone,Social,0.304422962
"Dating App, Flirt & Chat : W-Match",SOCIAL,4.30,175722,25458349,10000000,Free,0,Mature 17,Social,0.301666667
Amazon for Tablets,SHOPPING,4.00,141613,141613000000,10000000,Free,0,Teen,Shopping,0.101136048
"AliExpress - Smarter Shopping, Better Living",SHOPPING,4.60,5916606,25458349,100000000,Free,0,Teen,Shopping,0.038380546
Amazon Shopping,SHOPPING,4.30,909226,909226000000,100000000,Free,0,Teen,Shopping,0.182022587
Flipp - Weekly Shopping,SHOPPING,4.60,85858,25458349,10000000,Free,0,Everyone,Shopping,0.323672078
GS SHOP,SHOPPING,3.80,44255,44255000000,10000000,Free,0,Everyone,Shopping,0.239181287
Family Dollar,SHOPPING,4.30,2588,2588000000,1000000,Free,0,Everyone,Shopping,0.248165881
11st,SHOPPING,3.80,48732,48732000000,10000000,Free,0,Everyone,Shopping,0.181294214
Flipkart Online Shopping App,SHOPPING,4.40,6012719,25458349,100000000,Free,0,Teen,Shopping,0.291526361
CheckPoints ðŸ† Rewards App,SHOPPING,4.10,23187,23187000000,1000000,Free,0,Everyone,Shopping,0.276380163
Extreme Coupon Finder,SHOPPING,4.10,11798,25458349,1000000,Free,0,Everyone,Shopping,0.071214215
Checkout 51: Grocery coupons,SHOPPING,4.10,52896,25458349,10000000,Free,0,Everyone,Shopping,0.130486146
Gyft - Mobile Gift Card Wallet,SHOPPING,4.10,9701,9701000000,500000,Free,0,Everyone,Shopping,-0.033643553
"Groupon - Shop Deals, Discounts & Coupons",SHOPPING,4.60,1370749,25458349,50000000,Free,0,Teen,Shopping,0.285940735
"Ebates: Cash Back, Coupons, Rewards & Savings",SHOPPING,4.50,37253,37253000000,1000000,Free,0,Everyone,Shopping,0.225387095
FidMe Loyalty Cards & Deals at Grocery Supermarket,SHOPPING,4.20,33758,25458349,1000000,Free,0,Everyone,Shopping,0.220267611
HauteLook,SHOPPING,4.10,7193,7193000000,500000,Free,0,Everyone,Shopping,0.172085137
Etsy: Handmade & Vintage Goods,SHOPPING,4.30,95520,95520000000,10000000,Free,0,Teen,Shopping,0.305483143
ASOS,SHOPPING,4.70,181798,181798000000,10000000,Free,0,Everyone,Shopping,0.316916637
Find&Save - Local Shopping,SHOPPING,4.00,4602,4602000000,500000,Free,0,Everyone,Shopping,0.090959877
Boxed Wholesale,SHOPPING,3.80,6380,25458349,1000000,Free,0,Everyone,Shopping,0.2870085
FreePrints â€“ Free Photos Delivered,PHOTOGRAPHY,4.80,109500,109500000000,1000000,Free,0,Everyone,Photography,0.446181108
Groovebook Photo Books & Gifts,PHOTOGRAPHY,4.00,21159,21159000000,500000,Free,0,Everyone,Photography,0.163921607
Google Photos,PHOTOGRAPHY,4.50,10858556,25458349,1000000000,Free,0,Everyone,Photography,0.147509586
HD Camera - Best Cam with filters & panorama,PHOTOGRAPHY,4.50,38953,38953000000,5000000,Free,0,Everyone,Photography,0.22337963
"Face Filter, Selfie Editor - Sweet Camera",PHOTOGRAPHY,4.70,142634,142634000000,10000000,Free,0,Everyone,Photography,0.194281046
Adobe Photoshop Express:Photo Editor Collage Maker,PHOTOGRAPHY,4.20,914804,25458349,50000000,Free,0,Everyone,Photography,0.185388498
HD Camera - Quick Snap Photo & Video,PHOTOGRAPHY,4.50,21841,21841000000,1000000,Free,0,Everyone,Photography,0.455686275
B612 - Beauty & Filter Camera,PHOTOGRAPHY,4.40,5282578,25458349,100000000,Free,0,Everyone,Photography,0.081782128
HD Camera,PHOTOGRAPHY,4.30,49680,49680000000,5000000,Free,0,Everyone,Photography,0
Garden Photo Frames - Garden Photo Editor,PHOTOGRAPHY,4.40,1864,1864000000,500000,Free,0,Everyone,Photography,0.333583333
BeautyPlus - Easy Photo Editor & Selfie Camera,PHOTOGRAPHY,4.40,3158047,3158047000000,100000000,Free,0,Everyone,Photography,0.3
DSLR Camera Hd Ultra Professional,PHOTOGRAPHY,4.20,4410,4410000000,1000000,Free,0,Everyone,Photography,0.076951754
"Candy selfie - photo editor, live filter camera",PHOTOGRAPHY,4.40,53421,53421000000,10000000,Free,0,Everyone,Photography,0.372797619
Blur Image Background Editor (Blur Photo Editor),PHOTOGRAPHY,4.40,62421,62421000000,5000000,Free,0,Everyone,Photography,0.233109946
Flickr,PHOTOGRAPHY,4.30,251951,251951000000,10000000,Free,0,Mature 17,Photography,0.177432491
"Cymera Camera- Photo Editor, Filter,Collage,Layout",PHOTOGRAPHY,4.40,2418135,25458349,100000000,Free,0,Everyone,Photography,0.419417735
"Candy Camera - selfie, beauty camera, photo editor",PHOTOGRAPHY,4.40,3368649,25458349,100000000,Free,0,Everyone,Photography,0.19527792
Blur Image Background,PHOTOGRAPHY,3.90,129272,129272000000,10000000,Free,0,Everyone,Photography,0.372717803
HD Camera Ultra,PHOTOGRAPHY,4.30,462152,462152000000,10000000,Free,0,Everyone,Photography,0.154698669
Cameringo Lite. Filters Camera,PHOTOGRAPHY,4.20,140917,140917000000,10000000,Free,0,Everyone,Photography,0.770269097
HD Camera Pro for Android,PHOTOGRAPHY,4.10,49211,49211000000,1000000,Free,0,Everyone,Photography,0.076838235
HD Camera for Android,PHOTOGRAPHY,4.10,351254,351254000000,10000000,Free,0,Everyone,Photography,0.376191406
GoPro (formerly Capture),PHOTOGRAPHY,4.00,157506,157506000000,10000000,Free,0,Everyone,Photography,-0.007790557
Beauty Makeup Snappy Collage Photo Editor - Lidow,PHOTOGRAPHY,4.50,420973,25458349,10000000,Free,0,Everyone,Photography,0.153214286
"High-Speed Camera (GIF,Burst)",PHOTOGRAPHY,4.10,78140,78140000000,5000000,Free,0,Everyone,Photography,0.34845679
EyeEm - Camera & Photo Filter,PHOTOGRAPHY,4.20,215343,215343000000,10000000,Free,0,Everyone,Photography,0.338065394
FilterGrid - Cam&Photo Editor,PHOTOGRAPHY,4.60,126337,126337000000,1000000,Free,0,Everyone,Photography,0.092639945
Color Touch Effects,PHOTOGRAPHY,3.80,167652,167652000000,10000000,Free,0,Everyone,Photography,0.115720421
Font Studio- Photo Texts Image,PHOTOGRAPHY,4.20,197295,197295000000,10000000,Free,0,Everyone,Photography,0.081459209
Add Text To Photo,PHOTOGRAPHY,4.10,21578,21578000000,1000000,Free,0,Everyone,Photography,0.229703247
Free Sports TV,SPORTS,4.30,1802,1802000000,100000,Free,0,Everyone,Sports,0.167318583
"FIFA - Tournaments, Soccer News & Live Scores",SPORTS,4.20,342909,342909000000,10000000,Free,0,Everyone,Sports,0.068258223
Football Live Scores,SPORTS,4.50,107724,107724000000,5000000,Free,0,Everyone,Sports,0.405025889
BeSoccer - Soccer Live Score,SPORTS,4.50,152780,25458349,10000000,Free,0,Everyone,Sports,0.356768478
"CBS Sports App - Scores, News, Stats & Watch Live",SPORTS,4.30,91031,25458349,5000000,Free,0,Everyone,Sports,0.163907086
BBC Sport,SPORTS,4.20,18678,25458349,1000000,Free,0,Everyone,Sports,0.166576553
All Football - Latest News & Videos,SPORTS,4.60,152867,152867000000,10000000,Free,0,Everyone,Sports,0.432063295
Eurosport,SPORTS,4.00,121003,25458349,10000000,Free,0,Everyone,Sports,0.049044557
"All Football GO- Live Score, Games",SPORTS,4.60,1981,1981000000,100000,Free,0,Everyone,Sports,0.526515152
Championat,SPORTS,4.30,36490,25458349,1000000,Free,0,Everyone,Sports,0.198448064
Goal Live Scores,SPORTS,4.40,232423,232423000000,5000000,Free,0,Everyone,Sports,0.176929058
"Hole19: Golf GPS App, Rangefinder & Scorecard",SPORTS,4.40,6106,25458349,100000,Free,0,Everyone,Sports,0.443638262
CBS Sports Fantasy,SPORTS,4.00,43611,43611000000,1000000,Free,0,Everyone,Sports,0.248502364
Golf Channel,SPORTS,4.10,19230,19230000000,1000000,Free,0,Everyone,Sports,-0.025728535
"GolfNow: Tee Time Deals at Golf Courses, Golf GPS",SPORTS,4.50,26102,25458349,1000000,Free,0,Everyone,Sports,0.16830029
Golf GPS by SwingxSwing,SPORTS,4.60,37167,25458349,1000000,Free,0,Everyone,Sports,0.204678551
Golfshot: Golf GPS + Tee Times,SPORTS,4.30,7543,7543000000,500000,Free,0,Everyone,Sports,0.344248864
Golf GPS Rangefinder: Golf Pad,SPORTS,4.60,13098,25458349,1000000,Free,0,Everyone,Sports,0.272632768
GolfLogix GPS + Putt Breaks,SPORTS,4.00,11085,11085000000,1000000,Free,0,Everyone,Sports,-0.07843205
Golfshot Plus: Golf GPS,SPORTS,4.10,3387,3387000000,50000,Paid,30,Everyone,Sports,0.38617937
FanDuel: Daily Fantasy Sports,SPORTS,4.60,29673,29673000000,1000000,Free,0,Mature 17,Sports,0.287083497
DraftKings - Daily Fantasy Sports,SPORTS,4.50,50017,50017000000,1000000,Free,0,Adults only 18,Sports,0.312333554
Fantasy Football Manager (FPL),SPORTS,4.40,63650,63650000000,1000000,Free,0,Everyone,Sports,0.299870979
Fantasy Football,SPORTS,3.50,50179,50179000000,1000000,Free,0,Everyone,Sports,0.062580633
"FOX Sports: Live Streaming, Scores & News",SPORTS,4.00,28895,28895000000,5000000,Free,0,Teen,Sports,0.3132563
850 Sports News Digest,SPORTS,4.60,539,25458349,10000,Free,0,Everyone,Sports,0.542859748
365Scores - Live Scores,SPORTS,4.60,666521,666521000000,10000000,Free,0,Everyone,Sports,0.438311688
Cricbuzz - Live Cricket Scores & News,SPORTS,4.50,838765,25458349,50000000,Free,0,Everyone,Sports,0.097012014
Fantasy Football & NFL News,SPORTS,4.50,2943,2943000000,100000,Free,0,Everyone,Sports,0.421241158
"Expedia Hotels, Flights & Car Rental Travel Deals",TRAVEL_AND_LOCAL,4.10,136626,136626000000,10000000,Free,0,Everyone,Travel & Local,0.092992156
Hopper - Watch & Book Flights,TRAVEL_AND_LOCAL,4.40,52029,25458349,5000000,Free,0,Everyone,Travel & Local,0.17804421
CityMaps2Go Plan Trips Travel Guide Offline Maps,TRAVEL_AND_LOCAL,4.30,64713,64713000000,1000000,Free,0,Everyone,Travel & Local,0.317095779
Hotels.com: Book Hotel Rooms & Find Vacation Deals,TRAVEL_AND_LOCAL,4.50,260121,25458349,10000000,Free,0,Everyone,Travel & Local,0.101622207
Booking.com Travel Deals,TRAVEL_AND_LOCAL,4.70,1830388,25458349,100000000,Free,0,Everyone,Travel & Local,0.014176835
Hostelworld: Hostels & Cheap Hotels Travel App,TRAVEL_AND_LOCAL,4.40,17878,17878000000,1000000,Free,0,Everyone,Travel & Local,0.253418478
Google Trips - Travel Planner,TRAVEL_AND_LOCAL,4.10,26871,25458349,5000000,Free,0,Everyone,Travel & Local,0.3
Airbnb,TRAVEL_AND_LOCAL,4.40,359403,25458349,10000000,Free,0,Everyone,Travel & Local,0.10800454
GPS Map Free,TRAVEL_AND_LOCAL,4.00,33782,33782000000,5000000,Free,0,Everyone,Travel & Local,0.7
Google Earth,TRAVEL_AND_LOCAL,4.30,2338655,25458349,100000000,Free,0,Everyone,Travel & Local,0.094902055
GasBuddy: Find Cheap Gas,TRAVEL_AND_LOCAL,4.60,751551,751551000000,10000000,Free,0,Mature 17,Travel & Local,0.272674288
"AT&T Navigator: Maps, Traffic",TRAVEL_AND_LOCAL,3.60,32862,32862000000,10000000,Free,0,Everyone,Travel & Local,0.071300965
Google Street View,TRAVEL_AND_LOCAL,4.20,2129689,25458349,1000000000,Free,0,Everyone,Travel & Local,-0.5
AirAsia,TRAVEL_AND_LOCAL,3.90,98585,98585000000,10000000,Free,0,Everyone,Travel & Local,-0.103606301
Goibibo - Flight Hotel Bus Car IRCTC Booking App,TRAVEL_AND_LOCAL,4.30,459851,25458349,10000000,Free,0,Everyone,Travel & Local,0.412730374
Allegiant,TRAVEL_AND_LOCAL,3.10,5572,5572000000,1000000,Free,0,Everyone,Travel & Local,0.233333333
Amtrak,TRAVEL_AND_LOCAL,3.70,16815,16815000000,1000000,Free,0,Everyone,Travel & Local,-0.028284246
Flight & Hotel Booking App - ixigo,TRAVEL_AND_LOCAL,4.40,45562,25458349,5000000,Free,0,Everyone,Travel & Local,0.341024531
Foursquare Swarm: Check In,TRAVEL_AND_LOCAL,3.90,421800,25458349,10000000,Free,0,Teen,Travel & Local,-0.062339839
Flightradar24 Flight Tracker,TRAVEL_AND_LOCAL,4.30,171889,25458349,10000000,Free,0,Everyone,Travel & Local,0.196624729
Fly Delta,TRAVEL_AND_LOCAL,3.70,27560,27560000000,5000000,Free,0,Everyone,Travel & Local,0.143252371
2GIS: directory & navigator,TRAVEL_AND_LOCAL,4.50,768833,25458349,50000000,Free,0,Everyone,Travel & Local,0.223129043
American Airlines,TRAVEL_AND_LOCAL,3.70,16980,25458349,5000000,Free,0,Everyone,Travel & Local,-0.075636144
Find Dining Restaurant Finder,TRAVEL_AND_LOCAL,4.10,427,427000000,100000,Free,0,Everyone,Travel & Local,0.33946793
Hipmunk Hotels & Flights,TRAVEL_AND_LOCAL,4.30,16734,16734000000,1000000,Free,0,Everyone,Travel & Local,0.546301587
CWT To Go,TRAVEL_AND_LOCAL,4.40,20313,20313000000,100000,Free,0,Everyone,Travel & Local,0.286751253
British Airways,TRAVEL_AND_LOCAL,4.20,25740,25740000000,1000000,Free,0,Everyone,Travel & Local,0.205106164
Cheap Flights & Hotels momondo,TRAVEL_AND_LOCAL,4.20,42546,42546000000,5000000,Free,0,Everyone,Travel & Local,0.183775576
"CheapTickets â€“ Hotels, Flights & Travel Deals",TRAVEL_AND_LOCAL,4.40,6925,25458349,1000000,Free,0,Everyone,Travel & Local,0.294198942
Flights,TRAVEL_AND_LOCAL,4.40,18039,18039000000,1000000,Free,0,Everyone,Travel & Local,0.140565164
Cheapflights â€“ Flight Search,TRAVEL_AND_LOCAL,4.40,47780,47780000000,5000000,Free,0,Everyone,Travel & Local,0.421912393
Choice Hotels,TRAVEL_AND_LOCAL,4.40,17915,25458349,1000000,Free,0,Everyone,Travel & Local,0.298789683
Couchsurfing Travel App,TRAVEL_AND_LOCAL,4.40,61776,25458349,1000000,Free,0,Teen,Travel & Local,0.247289373
Hotwire Hotel & Car Rental App,TRAVEL_AND_LOCAL,4.30,10323,25458349,1000000,Free,0,Everyone,Travel & Local,0.187029446
HotelTonight: Book amazing deals at great hotels,TRAVEL_AND_LOCAL,4.40,57573,25458349,5000000,Free,0,Everyone,Travel & Local,0.328908058
Hotels Combined - Cheap deals,TRAVEL_AND_LOCAL,4.10,17202,17202000000,5000000,Free,0,Everyone,Travel & Local,0.160785384
Agoda â€“ Hotel Booking Deals,TRAVEL_AND_LOCAL,4.60,263525,25458349,10000000,Free,0,Everyone,Travel & Local,0.479530612
Ascape VR: 360Â° Virtual Travel,TRAVEL_AND_LOCAL,4.10,890,890000000,100000,Free,0,Everyone,Travel & Local;Action & Adventure,0.150964506
Cheap hotel deals and discounts â€” Hotellook,TRAVEL_AND_LOCAL,4.50,7153,25458349,1000000,Free,0,Everyone,Travel & Local,0.256417379
GPS Status & Toolbox,TRAVEL_AND_LOCAL,4.50,149723,149723000000,10000000,Free,0,Everyone,Travel & Local,0.398073696
Airport + Flight Tracker Radar,TRAVEL_AND_LOCAL,4.20,6762,6762000000,1000000,Free,0,Everyone,Travel & Local,0.089284812
DreamTrips,TRAVEL_AND_LOCAL,4.70,9971,9971000000,500000,Free,0,Teen,Travel & Local,0.371276778
Google,TOOLS,4.40,8033493,25458349,1000000000,Free,0,Everyone,Tools,0.260359469
Google Translate,TOOLS,4.40,5745093,25458349,500000000,Free,0,Everyone,Tools,0.214166667
Cache Cleaner-DU Speed Booster (booster & cleaner),TOOLS,4.50,12759663,12759663000000,100000000,Free,0,Everyone,Tools,0.278521097
Device Help,TOOLS,4.20,28860,25458349,100000000,Free,0,Everyone,Tools,0.096395738
Account Manager,TOOLS,4.10,76604,25458349,100000000,Free,0,Everyone,Tools,-0.087635203
File Manager,TOOLS,4.60,739329,25458349,50000000,Free,0,Everyone,Tools,0.061832817
"Calculator - free calculator, multi calculator app",TOOLS,4.60,25592,25592000000,10000000,Free,0,Everyone,Tools,-0.0375
ASUS Sound Recorder,TOOLS,4.50,34126,25458349,10000000,Free,0,Everyone,Tools,0.516770833
Files Go by Google: Free up space on your phone,TOOLS,4.60,315585,315585000000,10000000,Free,0,Everyone,Tools,0.130682331
File Manager -- Take Command of Your Files Easily,TOOLS,4.20,127223,127223000000,10000000,Free,0,Everyone,Tools,0.214646465
HTC Lock Screen,TOOLS,4.10,28250,25458349,10000000,Free,0,Everyone,Tools,0.031488188
Gboard - the Google Keyboard,TOOLS,4.20,1859115,25458349,500000000,Free,0,Everyone,Tools,0.064586516
AT&T Smart Wi-Fi,TOOLS,3.90,18513,18513000000,10000000,Free,0,Everyone,Tools,0.189548701
HTC Sense Input,TOOLS,3.40,17030,25458349,10000000,Free,0,Everyone,Tools,0.024668155
App vault,TOOLS,3.40,25094,25458349,10000000,Free,0,Everyone,Tools,-0.043535058
DuraSpeed,TOOLS,3.80,5431,5431000000,10000000,Free,0,Everyone,Tools,-0.034044012
HTC Sense Input-AR,TOOLS,3.80,1420,1420000000,100000,Free,0,Everyone,Tools,0.287596354
Digital Alarm Clock,TOOLS,4.20,118439,118439000000,10000000,Free,0,Everyone,Tools,0.341073291
Alarm Clock Free,TOOLS,4.00,59973,59973000000,10000000,Free,0,Everyone,Tools,0.155761775
Alarm Clock,TOOLS,4.30,114788,25458349,5000000,Free,0,Everyone,Tools,0.174667283
High-Powered Flashlight,TOOLS,4.50,429580,25458349,10000000,Free,0,Everyone,Tools,0.338957298
Flashlight & LED Torch,TOOLS,4.30,111507,25458349,10000000,Free,0,Everyone,Tools,0.249733333
Color Flashlight,TOOLS,4.20,472904,25458349,50000000,Free,0,Everyone,Tools,0.175833333
Flashlight,TOOLS,4.70,115409,25458349,10000000,Free,0,Everyone,Tools,0.405400085
"CM Flashlight (Compass, SOS)",TOOLS,4.40,166367,166367000000,5000000,Free,0,Everyone,Tools,0.55625
Flashlight HD LED,TOOLS,4.30,618918,25458349,50000000,Free,0,Everyone,Tools,0.452203998
Flashlight - Torch LED Light,TOOLS,4.40,192661,192661000000,10000000,Free,0,Everyone,Tools,0.404525132
Brightest LED Flashlight,TOOLS,4.50,60571,25458349,5000000,Free,0,Everyone,Tools,0.374198909
Brightest Flashlight Free Â®,TOOLS,4.70,1335799,1335799000000,50000000,Free,0,Everyone,Tools,0.492571429
Fraction Calculator Plus Free,TOOLS,4.50,148506,148506000000,5000000,Free,0,Everyone,Tools,0.372640925
Calculator Plus Free,TOOLS,4.60,679912,25458349,10000000,Free,0,Everyone,Tools,0.166666667
CALCUâ„¢ Stylish Calculator Free,TOOLS,4.70,152692,152692000000,5000000,Free,0,Everyone,Tools,0.352598162
Calculator with Percent (Free),TOOLS,4.80,48211,48211000000,1000000,Free,0,Everyone,Tools,0.031972789
Graphing Calculator,TOOLS,3.90,12388,12388000000,1000000,Free,0,Everyone,Tools,0.245829817
ConvertPad - Unit Converter,TOOLS,4.40,90831,90831000000,10000000,Free,0,Everyone,Tools,0.223449729
Age Calculator,TOOLS,4.40,24265,24265000000,1000000,Free,0,Everyone,Tools,0.131383027
EzCalculator,TOOLS,4.10,1657,1657000000,100000,Free,0,Everyone,Tools,0.377769969
Hideman VPN,TOOLS,4.10,88675,88675000000,5000000,Free,0,Everyone,Tools,0.121646961
Fast Secure VPN,TOOLS,4.30,56848,56848000000,1000000,Free,0,Everyone,Tools,0.179100113
Free & Premium VPN - FinchVPN,TOOLS,4.20,19096,19096000000,1000000,Free,0,Everyone,Tools,0.217668851
Hotspot Shield Free VPN Proxy & Wi-Fi Security,TOOLS,4.20,1116393,1116393000000,50000000,Free,0,Everyone,Tools,0.251764706
FREEDOME VPN Unlimited anonymous Wifi Security,TOOLS,4.30,39833,39833000000,1000000,Free,0,Everyone,Tools,0.313636364
"GO Keyboard - Cute Emojis, Themes and GIFs",TOOLS,4.50,4594198,25458349,100000000,Free,0,Everyone,Tools,0.223900862
Google Handwriting Input,TOOLS,4.30,94427,25458349,10000000,Free,0,Everyone,Tools,0.254108187
CM Locker - Security Lockscreen,TOOLS,4.60,3090727,25458349,100000000,Free,0,Everyone,Tools,0.240054523
AppLock - Fingerprint,TOOLS,4.40,745245,745245000000,10000000,Free,0,Everyone,Tools,0.209939514
Applock,TOOLS,4.40,4934130,25458349,100000000,Free,0,Everyone,Tools,0.01623335
3D Live Neon Weed Launcher,PERSONALIZATION,4.50,1724,1724000000,100000,Free,0,Mature 17,Personalization,0.568181818
Evie Launcher,PERSONALIZATION,4.70,139258,25458349,5000000,Free,0,Everyone,Personalization,0.277928232
Golden Launcher,PERSONALIZATION,4.40,32794,32794000000,5000000,Free,0,Everyone,Personalization,0.507079346
"CM Launcher 3D - Theme, Wallpapers, Efficient",PERSONALIZATION,4.60,6702776,6702776000000,100000000,Free,0,Teen,Personalization,0.282478956
4K Wallpapers and Ultra HD Backgrounds,PERSONALIZATION,4.60,7583,7583000000,500000,Free,0,Everyone 10,Personalization,0.179328002
Birds Sounds Ringtones & Wallpapers,PERSONALIZATION,4.60,5073,5073000000,1000000,Free,0,Everyone 10,Personalization,0.341557018
Funny Alarm Clock Ringtones,PERSONALIZATION,4.50,15633,15633000000,1000000,Free,0,Everyone,Personalization,0.10838064
Diamond Zipper Lock Screen,PERSONALIZATION,4.30,71688,71688000000,10000000,Free,0,Everyone,Personalization,0.159730392
Backgrounds (HD Wallpapers),PERSONALIZATION,4.70,202474,202474000000,10000000,Free,0,Teen,Personalization,0.264431758
"APUS Launcher - Theme, Wallpaper, Hide Apps",PERSONALIZATION,4.50,5783441,5783441000000,100000000,Free,0,Everyone,Personalization,0.447473118
Apex Launcher,PERSONALIZATION,4.30,266401,25458349,10000000,Free,0,Everyone,Personalization,0.106132749
Goku Wallpaper Art,PERSONALIZATION,4.70,6342,6342000000,1000000,Free,0,Everyone,Personalization,0.464319728
Door Lock Screen,PERSONALIZATION,4.30,5413,5413000000,1000000,Free,0,Everyone,Personalization,0.516621642
ASUS Cover for ZenFone 2,PERSONALIZATION,4.40,43960,43960000000,10000000,Free,0,Everyone,Personalization,0.076388889
Colorful Glitter Neon Butterfly Keyboard Theme,PERSONALIZATION,4.30,2056,2056000000,500000,Free,0,Everyone,Personalization,0.20640625
"FUN Keyboard â€“ Emoji Keyboard, Sticker,Theme & GIF",PERSONALIZATION,4.70,12089,12089000000,500000,Free,0,Everyone,Personalization,0.25675
Freeme Launcherâ€”Stylish Theme,PERSONALIZATION,4.10,2828,2828000000,100000,Free,0,Everyone,Personalization,0.3185
Beautiful Widgets Pro,PERSONALIZATION,4.20,97890,97890000000,1000000,Paid,2,Everyone,Personalization,0.179418371
Beautiful Widgets Free,PERSONALIZATION,3.90,25037,25037000000,1000000,Free,0,Everyone,Personalization,0.013460701
HD Widgets,PERSONALIZATION,4.30,58617,58617000000,1000000,Paid,1,Everyone,Personalization,0.181817835
DashClock Widget,PERSONALIZATION,4.10,62301,62301000000,1000000,Free,0,Everyone,Personalization,0.033333333
Fancy Widgets,PERSONALIZATION,4.20,37237,37237000000,5000000,Free,0,Everyone,Personalization,0.214213515
Best Wallpapers QHD,PERSONALIZATION,4.40,294701,294701000000,10000000,Free,0,Teen,Personalization,0.472251446
Dog Licks Screen Wallpaper,PERSONALIZATION,4.30,63624,63624000000,5000000,Free,0,Everyone,Personalization,0.225250304
Flowers Live Wallpaper,PERSONALIZATION,4.10,118459,118459000000,10000000,Free,0,Everyone,Personalization,0.205179063
Galactic Core Free Wallpaper,PERSONALIZATION,4.10,69417,853000,10000000,Free,0,Everyone,Personalization,0.247567568
Asteroids 3D live wallpaper,PERSONALIZATION,4.10,157495,157495000000,10000000,Free,0,Everyone,Personalization,0.253524397
Backgrounds HD (Wallpapers),PERSONALIZATION,4.60,2390185,25458349,100000000,Free,0,Teen,Personalization,0.353875902
Butterfly Live Wallpaper,PERSONALIZATION,4.10,35771,35771000000,5000000,Free,0,Everyone,Personalization,0.390275974
Horses Live Wallpaper,PERSONALIZATION,4.20,28806,28806000000,1000000,Free,0,Everyone,Personalization,0.345458645
Buzz Launcher-Smart&Free Theme,PERSONALIZATION,4.40,251616,251616000000,10000000,Free,0,Everyone,Personalization,0.201344844
BIG Launcher,PERSONALIZATION,4.30,881,881000000,10000,Paid,10,Everyone,Personalization,0.184986503
"GO Keyboard - Emoticon keyboard, Free Theme, GIF",PERSONALIZATION,4.40,2591941,25458349,100000000,Free,0,Everyone,Personalization,0.307440422
2018Emoji Keyboard ðŸ˜‚ Emoticons Lite -sticker&gif,PERSONALIZATION,4.20,115773,25458349,10000000,Free,0,Everyone,Personalization,0.449565972
"All-In-One Toolbox: Cleaner, Booster, App Manager",PRODUCTIVITY,4.70,536926,25458349,10000000,Free,0,Everyone,Productivity,0.267335093
Adobe Acrobat Reader,PRODUCTIVITY,4.30,3016297,25458349,100000000,Free,0,Everyone,Productivity,0.155061663
"AVG Cleaner â€“ Speed, Battery & Memory Booster",PRODUCTIVITY,4.40,1188154,1188154000000,10000000,Free,0,Everyone,Productivity,0.273663719
Chrome Beta,PRODUCTIVITY,4.40,228794,25458349,10000000,Free,0,Everyone,Productivity,0.231625172
Google PDF Viewer,PRODUCTIVITY,4.20,226456,25458349,10000000,Free,0,Everyone,Productivity,0.100410421
Calculator - unit converter,PRODUCTIVITY,4.70,287250,25458349,50000000,Free,0,Everyone,Productivity,0.183333333
Google Keep,PRODUCTIVITY,4.40,691474,25458349,100000000,Free,0,Everyone,Productivity,0.10001687
Archos File Manager,PRODUCTIVITY,4.00,2131,2131000000,5000000,Free,0,Everyone,Productivity,0.115295815
ASUS SuperNote,PRODUCTIVITY,4.50,26559,25458349,10000000,Free,0,Everyone,Productivity,0.192791424
HTC File Manager,PRODUCTIVITY,4.20,13500,25458349,10000000,Free,0,Everyone,Productivity,0.088949014
Dropbox,PRODUCTIVITY,4.40,1861310,1861310000000,500000000,Free,0,Everyone,Productivity,0.236330525
ASUS Quick Memo,PRODUCTIVITY,4.50,23089,23089000000,10000000,Free,0,Everyone,Productivity,0.029166667
HTC Calendar,PRODUCTIVITY,3.90,6949,25458349,10000000,Free,0,Everyone,Productivity,-0.037626263
ASUS Calling Screen,PRODUCTIVITY,4.20,102451,25458349,10000000,Free,0,Everyone,Productivity,0.063163931
Content Transfer,PRODUCTIVITY,4.70,19302,19302000000,5000000,Free,0,Everyone,Productivity,0.163047282
"Evernote â€“ Organizer, Planner for Notes & Memos",PRODUCTIVITY,4.60,1488396,25458349,100000000,Free,0,Everyone,Productivity,0.084090239
HTC Mail,PRODUCTIVITY,3.10,6572,25458349,10000000,Free,0,Everyone,Productivity,0.078747928
Advanced Task Killer,PRODUCTIVITY,4.40,577059,577059000000,50000000,Free,0,Everyone,Productivity,0.138851521
Do It Later: Tasks & To-Dos,PRODUCTIVITY,4.50,123412,25458349,50000000,Free,0,Everyone,Productivity,0.168202261
Hacker's Keyboard,PRODUCTIVITY,4.40,41418,41418000000,1000000,Free,0,Everyone,Productivity,0.261371545
7 Weeks - Habit & Goal Tracker,PRODUCTIVITY,4.40,6011,6011000000,500000,Free,0,Everyone,Productivity,0.142820136
"Any.do: To-do list, Calendar, Reminders & Planner",PRODUCTIVITY,4.50,298843,25458349,10000000,Free,0,Everyone,Productivity,0.216037637
Easy Voice Recorder,PRODUCTIVITY,4.40,205191,205191000000,10000000,Free,0,Everyone,Productivity,0.435837052
Dashlane Free Password Manager,PRODUCTIVITY,4.60,73695,25458349,1000000,Free,0,Everyone,Productivity,0.170753968
File Browser by Astro (File Manager),PRODUCTIVITY,4.30,609182,609182000000,50000000,Free,0,Everyone,Productivity,0.111991793
File Explorer,PRODUCTIVITY,4.10,979,720000,100000,Free,0,Everyone,Productivity,0.259582816
AndroZipâ„¢ FREE File Manager,PRODUCTIVITY,4.20,277794,25458349,10000000,Free,0,Everyone,Productivity,0.117323385
Google Slides,PRODUCTIVITY,4.20,244567,25458349,100000000,Free,0,Everyone,Productivity,0.933333333
ColorNote Notepad Notes,PRODUCTIVITY,4.60,2401017,25458349,100000000,Free,0,Everyone,Productivity,0.275654565
Calendar+ Schedule Planner App,PRODUCTIVITY,4.00,8985,8985000000,1000000,Free,0,Everyone,Productivity,0.319070513
Calendar Widget Month + Agenda,PRODUCTIVITY,4.20,60840,60840000000,5000000,Free,0,Everyone,Productivity,0.15
DigiCal Calendar Agenda,PRODUCTIVITY,4.40,133573,25458349,5000000,Free,0,Everyone,Productivity,0.168212704
Business Calendar 2,PRODUCTIVITY,4.60,102594,102594000000,5000000,Free,0,Everyone,Productivity,0.201141113
G Cloud Backup,PRODUCTIVITY,4.60,267189,25458349,5000000,Free,0,Everyone,Productivity,0.284191981
Amazon Drive,PRODUCTIVITY,4.40,18669,18669000000,1000000,Free,0,Everyone,Productivity,0.129849199
Baby Panda Learns Shapes,PARENTING,4.00,3789,3789000000,1000000,Free,0,Everyone,Parenting;Education,0.247537001
Family Album Mitene: Private Photo & Video Sharing,PARENTING,4.70,34336,25458349,1000000,Free,0,Everyone,Parenting,0.432587584
Family GPS Tracker and Chat + Baby Monitor Online,PARENTING,4.40,9073,25458349,500000,Free,0,Everyone,Parenting,0.417435114
Baby Name Together,PARENTING,4.00,464,464000000,100000,Free,0,Everyone,Parenting,0.285985628
"Amazon FreeTime â€“ Kidsâ€™ Videos, Books, & TV shows",PARENTING,4.20,2715,2715000000,500000,Free,0,Everyone,Parenting;Music & Video,0.342534825
Baby Panda Musical Genius,PARENTING,4.00,3346,3346000000,1000000,Free,0,Everyone,Parenting;Music & Video,0.227760252
Baby Monitor,PARENTING,4.40,5343,5343000000,1000000,Free,0,Everyone,Parenting,0.274223073
Daniel Tiger for Parents,PARENTING,4.70,247,247000000,100000,Free,0,Everyone,Parenting;Music & Video,0.27962963
AccuWeather: Daily Forecast & Live Weather Reports,WEATHER,4.40,2053404,25458349,50000000,Free,0,Everyone,Weather,0.20072331
Free live weather on screen,WEATHER,4.40,15370,15370000000,1000000,Free,0,Everyone,Weather,0.394258611
APE Weather ( Live Forecast),WEATHER,4.30,20008,20008000000,5000000,Free,0,Everyone,Weather,0.432323232
"GO Weather - Widget, Theme, Wallpaper, Efficient",WEATHER,4.50,1422858,25458349,50000000,Free,0,Everyone,Weather,0.333400027
HTC Weather,WEATHER,3.90,22154,25458349,10000000,Free,0,Everyone,Weather,0.067624831
ForecaWeather,WEATHER,4.20,18425,18425000000,1000000,Free,0,Everyone,Weather,0.360906765
All Video Downloader 2018,VIDEO_PLAYERS,4.30,7557,7557000000,1000000,Free,0,Everyone,Video Players & Editors,0.382679739
HD Video Player,VIDEO_PLAYERS,4.30,1551,1551000000,1000000,Free,0,Everyone,Video Players & Editors,0.197993421
HD Movie Video Player,VIDEO_PLAYERS,4.50,18699,18699000000,1000000,Free,0,Everyone,Video Players & Editors,0.186015331
HTC Service ï¼ DLNA,VIDEO_PLAYERS,3.90,3484,3484000000,10000000,Free,0,Everyone,Video Players & Editors,0.018377776
HTC Serviceâ€”Video Player,VIDEO_PLAYERS,4.20,6449,25458349,5000000,Free,0,Everyone,Video Players & Editors,0.031498869
Droid Zap by Motorola,VIDEO_PLAYERS,3.80,2093,25458349,5000000,Free,0,Everyone,Video Players & Editors,-0.040537383
HTC Gallery,VIDEO_PLAYERS,4.10,45744,25458349,10000000,Free,0,Everyone,Video Players & Editors,0.031543995
BluTV,VIDEO_PLAYERS,3.90,28835,25458349,1000000,Free,0,Teen,Video Players & Editors,0.280280736
"Fox News â€“ Breaking News, Live Video & News Alerts",NEWS_AND_MAGAZINES,4.50,249919,25458349,10000000,Free,0,Everyone 10,News & Magazines,0.021842716
BBC News,NEWS_AND_MAGAZINES,4.30,296781,25458349,10000000,Free,0,Everyone 10,News & Magazines,0.096999044
"Free TV Shows App:News, TV Series, Episode, Movies",NEWS_AND_MAGAZINES,4.60,29706,29706000000,1000000,Free,0,Teen,News & Magazines,0.271555322
CNN Breaking US & World News,NEWS_AND_MAGAZINES,4.00,293080,293080000000,10000000,Free,0,Everyone 10,News & Magazines,0.057347889
"Dailyhunt (Newshunt) - Latest News, Viral Videos",NEWS_AND_MAGAZINES,4.30,948198,25458349,50000000,Free,0,Teen,News & Magazines,-0.066145833
ARY NEWS URDU,NEWS_AND_MAGAZINES,4.40,1071,1071000000,500000,Free,0,Everyone,News & Magazines,0.243425802
Google News,NEWS_AND_MAGAZINES,3.90,877635,877635000000,1000000000,Free,0,Teen,News & Magazines,0.09391674
"Breaking News, Local news, Attacks and Alerts Free",NEWS_AND_MAGAZINES,4.70,2543,2543000000,500000,Free,0,Everyone,News & Magazines,0.217045994
ARY NEWS,NEWS_AND_MAGAZINES,4.40,2959,2959000000,1000000,Free,0,Everyone,News & Magazines,0.233744261
Flipboard: News For Our Time,NEWS_AND_MAGAZINES,4.40,1284017,25458349,500000000,Free,0,Everyone 10,News & Magazines,0.385865003
BeyondPod Podcast Manager,NEWS_AND_MAGAZINES,3.90,32121,25458349,1000000,Free,0,Everyone,News & Magazines,0.112458265
"BuzzFeed: News, Tasty, Quizzes",NEWS_AND_MAGAZINES,4.30,131028,131028000000,5000000,Free,0,Teen,News & Magazines,0.199296334
Fast News,NEWS_AND_MAGAZINES,4.40,84957,25458349,1000000,Free,0,Everyone 10,News & Magazines,0.346303419
Financial Times,NEWS_AND_MAGAZINES,4.20,27104,27104000000,1000000,Free,0,Everyone 10,News & Magazines,0.184639791
Digg,NEWS_AND_MAGAZINES,3.90,6105,25458349,100000,Free,0,Teen,News & Magazines,0.042700315
Bloomberg: Market & Financial News,NEWS_AND_MAGAZINES,4.20,61692,61692000000,10000000,Free,0,Everyone,News & Magazines,0.054705447
Haystack TV: Local & World News - Free,NEWS_AND_MAGAZINES,4.30,3684,25458349,100000,Free,0,Everyone 10,News & Magazines,0.5295
ABC News - US & World News,NEWS_AND_MAGAZINES,4.00,18976,18976000000,1000000,Free,0,Everyone 10,News & Magazines,-0.042361839
AP Mobile - Breaking News,NEWS_AND_MAGAZINES,4.50,76677,76677000000,1000000,Free,0,Everyone 10,News & Magazines,0.195115915
AC - Tips & News for Androidâ„¢,NEWS_AND_MAGAZINES,4.20,23292,23292000000,1000000,Free,0,Everyone 10,News & Magazines,0.098416551
CBS News,NEWS_AND_MAGAZINES,4.30,23641,23641000000,1000000,Free,0,Everyone 10,News & Magazines,0
"AOL - News, Mail & Video",NEWS_AND_MAGAZINES,4.10,62465,25458349,5000000,Free,0,Everyone 10,News & Magazines,0.092181993
BaconReader for Reddit,NEWS_AND_MAGAZINES,4.50,103074,25458349,1000000,Free,0,Mature 17,News & Magazines,0.228086323
Air Traffic,MAPS_AND_NAVIGATION,4.30,14110,14110000000,1000000,Free,0,Everyone,Maps & Navigation,0.294640746
Atlan3D Navigation: Korea navigator,MAPS_AND_NAVIGATION,4.20,22063,25458349,1000000,Free,0,Everyone,Maps & Navigation,0.278184198
Czech Public Transport IDOS,MAPS_AND_NAVIGATION,4.30,26014,26014000000,1000000,Free,0,Everyone,Maps & Navigation,0.251074907
GPS Speedometer and Odometer,MAPS_AND_NAVIGATION,4.80,15865,15865000000,1000000,Free,0,Everyone,Maps & Navigation,0.6875
GPS Traffic Speedcam Route Planner by ViaMichelin,MAPS_AND_NAVIGATION,4.30,63920,63920000000,5000000,Free,0,Everyone,Maps & Navigation,0.272477883
"GPS Speedometer, Distance Meter",MAPS_AND_NAVIGATION,4.60,16094,16094000000,1000000,Free,0,Everyone,Maps & Navigation,0.368895089
FindShip,MAPS_AND_NAVIGATION,4.20,23279,23279000000,1000000,Free,0,Everyone,Maps & Navigation,0.100448975
A Call From Santa Claus!,FAMILY,3.90,3720,3720000000,1000000,Free,0,Everyone,Entertainment,0.008293863
A Word A Day,FAMILY,3.70,2398,2398000000,500000,Free,0,Everyone,Education,0.277272727
Akinator,FAMILY,4.30,1805398,1805398000000,50000000,Free,0,Teen,Entertainment,-0.01489889
Dog Sim Online: Raise a Family,FAMILY,4.60,94989,94989000000,5000000,Free,0,Teen,Simulation,0.175294237
Color by Number - Draw Sandbox Pixel Art,FAMILY,4.60,10247,10247000000,1000000,Free,0,Everyone,Entertainment,0.139556355
A+ Mobile,FINANCE,3.90,730,730000000,10000,Free,0,Everyone,Finance,0.329592262
Build a Bridge!,FAMILY,4.60,263454,263454000000,10000000,Free,0,Everyone,Puzzle,0.08835631
Find a Way: Addictive Puzzle,FAMILY,4.80,39480,39480000000,500000,Free,0,Everyone,Puzzle,0.069630233
Comptia A+ 220-901 & 220-902,FAMILY,4.40,174,174000000,10000,Free,0,Everyone,Education,0.500792282
Azar,COMMUNICATION,4.20,1092337,25458349,50000000,Free,0,Mature 17,Communication,0.068403809
4 in a Row,GAME,3.80,4257,25458349,500000,Free,0,Everyone,Board,0.281143519
Asphalt 8: Airborne,GAME,4.50,8389714,8389714000000,100000000,Free,0,Teen,Racing,0.004450411
Basketball Stars,SPORTS,4.40,867920,867920000000,10000000,Free,0,Everyone,Sports,0.013905113
Fake Call - Fake Caller ID,PRODUCTIVITY,4.30,154668,25458349,10000000,Free,0,Everyone,Productivity,0.297794173
Four In A Line Free,GAME,4.30,133195,133195000000,5000000,Free,0,Everyone,Board,0.202368019
AutoCAD - DWG Viewer & Editor,PRODUCTIVITY,4.20,145088,145088000000,10000000,Free,0,Everyone,Productivity,0.119601195
Fortune City - A Finance App,FINANCE,4.60,49275,49275000000,500000,Free,0,Everyone,Finance,0.266966183
Draw A Stickman,GAME,3.40,29265,29265000000,1000000,Free,0,Everyone,Adventure,-0.15
Be A Legend: Soccer,SPORTS,3.80,85763,85763000000,1000000,Free,0,Everyone,Sports,-0.0992506
Bible,BOOKS_AND_REFERENCE,4.70,2440695,25458349,100000000,Free,0,Teen,Books & Reference,0.363495437
Cat Sim Online: Play with Cats,FAMILY,4.60,137198,137198000000,5000000,Free,0,Everyone 10,Simulation,0.180896093
Four In A Line,GAME,3.80,22191,22191000000,1000000,Free,0,Everyone,Board,0.274848757
Hay Day,FAMILY,4.50,10053186,10053186000000,100000000,Free,0,Everyone,Casual,0.019572349
Fruit NinjaÂ®,GAME,4.30,5091448,5091448000000,100000000,Free,0,Everyone,Arcade,0.154794547
"DU Recorder â€“ Screen Recorder, Video Editor, Live",VIDEO_PLAYERS,4.80,2588730,2588730000000,50000000,Free,0,Everyone,Video Players & Editors,0.224186917
Bad Piggies,FAMILY,4.30,1168959,1168959000000,50000000,Free,0,Everyone,Puzzle,0.00794066
Dumb Ways to Die 2: The Games,FAMILY,4.20,1671658,25458349,50000000,Free,0,Teen,Casual,0.027208249
"AD - Nieuws, Sport, Regio & Entertainment",NEWS_AND_MAGAZINES,3.70,10369,25458349,1000000,Free,0,Everyone,News & Magazines,0.161823643
Diary with lock password,LIFESTYLE,4.30,179139,179139000000,5000000,Free,0,Everyone,Lifestyle,0.292266842
Avakin Life - 3D virtual world,FAMILY,4.40,1275373,1275373000000,10000000,Free,0,Teen,Role Playing,0.080859166
A+ Gallery - Photos & Videos,PHOTOGRAPHY,4.50,223941,25458349,10000000,Free,0,Everyone,Photography,0.208814916
